"cbsacode","num_counties","cbsatitle","num_munis","num_local","pop_muni","pop_total","hhi_pop_muni","hhi_pop_total","munis_pp","share_in_central_city","cbsa_type","index_circ","index_rect"
35620,18,"New York-Newark-Jersey City, NY-NJ",376,547,13587249,20686896,0.390423765590455,0.171810643132942,2.767300429984e-05,0.409317714943798,"Metropolitan Statistical Area",0.613449094872349,0.469771520008267
16980,11,"Chicago-Naperville-Elgin, IL-IN",342,544,8641884,15125853,0.101000103325145,0.0353376269314278,3.957470384929e-05,0.178274574002537,"Metropolitan Statistical Area",0.640441228084145,0.482153173695592
31080,2,"Los Angeles-Long Beach-Anaheim, CA",122,122,11866079,11866079,0.113355922473805,0.113355922473805,1.028140803714e-05,0.324395025517696,"Metropolitan Statistical Area",0.60910258619914,0.465888057082587
19100,11,"Dallas-Fort Worth-Arlington, TX",201,201,7084182,7084182,0.0638092248994258,0.0638092248994258,2.83730711605e-05,0.181878020638092,"Metropolitan Statistical Area",0.625695957380999,0.511751275284951
37980,10,"Philadelphia-Camden-Wilmington, PA-NJ-DE-MD",163,373,2628113,5729305,0.362784601834999,0.0790554826508135,6.202168628213e-05,0.275120804355851,"Metropolitan Statistical Area",0.618379676484914,0.477822834758639
14460,6,"Boston-Cambridge-Newton, MA-NH",36,196,2580119,4898150,0.0846600455552185,0.0257299947341784,1.395284481064e-05,0.133678225452467,"Metropolitan Statistical Area",0.516566172124773,0.342091167408334
19820,6,"Detroit-Warren-Dearborn, MI",109,207,2853011,4431299,0.0654460386140196,0.0306115381948626,3.820525052304e-05,0.142726545872892,"Metropolitan Statistical Area",0.494943247409016,0.241968903516586
38060,2,"Phoenix-Mesa-Chandler, AZ",33,33,4406705,4406705,0.170575849825164,0.170575849825164,7.48858841243e-06,0.368658442078605,"Metropolitan Statistical Area",0.686156579885255,0.522617847345398
33100,3,"Miami-Fort Lauderdale-West Palm Beach, FL",104,104,4252054,4252054,0.0300793542106888,0.0300793542106888,2.445876745685e-05,0.103453530928817,"Metropolitan Statistical Area",0.630896924544743,0.396358294758161
41860,5,"San Francisco-Oakland-Fremont, CA",65,65,4169262,4169262,0.0636911369264011,0.0636911369264011,1.559028912071e-05,0.195526450484522,"Metropolitan Statistical Area",0.604869851836121,0.476891141035604
40140,2,"Riverside-San Bernardino-Ontario, CA",52,52,3950885,3950885,0.0330747800133019,0.0330747800133019,1.31616080954e-05,0.0803012489606759,"Metropolitan Statistical Area",0.605686168383547,0.463920168825527
26420,10,"Houston-Pasadena-The Woodlands, TX",128,128,3886417,3886417,0.353535487602437,0.353535487602437,3.29352202813e-05,0.5887813891304,"Metropolitan Statistical Area",NA,NA
26900,11,"Indianapolis-Carmel-Greenwood, IN",87,196,1782606,3849358,0.2589063005535,0.0664541657386337,4.880495185139e-05,0.229139248674714,"Metropolitan Statistical Area",0.616838183703086,0.438461670509826
33460,15,"Minneapolis-St. Paul-Bloomington, MN-WI",212,371,3400027,3682342,0.0328204540378644,0.0280487296521198,6.235244602469e-05,0.115506924669137,"Metropolitan Statistical Area",0.490675720871046,0.223791538587455
42660,3,"Seattle-Tacoma-Bellevue, WA",78,78,2967053,2967053,0.0821443324475549,0.0821443324475549,2.62887113914e-05,0.247356215072666,"Metropolitan Statistical Area",0.561432439983046,0.432606128762019
41740,1,"San Diego-Chula Vista-Carlsbad, CA",18,18,2773433,2773433,0.273015917772635,0.273015917772635,6.49015137556e-06,0.498159140675113,"Metropolitan Statistical Area",0.614720121992532,0.486525608567337
18140,10,"Columbus, OH",99,256,1630868,2561437,0.316883839960048,0.131307568195251,6.070387057689e-05,0.353913838208787,"Metropolitan Statistical Area",0.585561520424176,0.508675070407246
41180,15,"St. Louis, MO-IL",270,375,1951509,2530443,0.0344323583830141,0.0221560603735542,0.00013835447338444,0.115912510181024,"Metropolitan Statistical Area",0.628675053399047,0.468934367545398
12060,29,"Atlanta-Sandy Springs-Roswell, GA",146,146,2524536,2524536,0.0527624871795952,0.0527624871795952,5.783240959922e-05,0.196654355493445,"Metropolitan Statistical Area",0.620847308206623,0.505372382960418
38300,8,"Pittsburgh, PA",265,483,1170175,2439023,0.0725127255673738,0.019927842776971,0.00022646185399619,0.123176780210765,"Metropolitan Statistical Area",0.561608138940051,0.456818530304751
19740,10,"Denver-Aurora-Centennial, CO",45,45,2326229,2326229,0.142355597854248,0.142355597854248,1.934461310558e-05,0.30584392164314,"Metropolitan Statistical Area",0.703146523680343,0.572085481833282
17140,14,"Cincinnati, OH-KY-IN",139,236,1210734,2254633,0.0785104827769001,0.0289874671976615,0.00011480639017323,0.13702230030342,"Metropolitan Statistical Area",0.629848858798132,0.507337270340407
17410,6,"Cleveland, OH",114,199,1816027,2230330,0.0545291724097368,0.0369014367959857,6.277439707669e-05,0.164993969502271,"Metropolitan Statistical Area",0.521625468782973,0.316958846756647
28140,13,"Kansas City, MO-KS",163,239,2008014,2106407,0.0964055259407623,0.0876867710185445,8.117473284548e-05,0.241356015243018,"Metropolitan Statistical Area",0.656343109487344,0.467503283611808
41700,8,"San Antonio-New Braunfels, TX",54,54,1907709,1907709,0.583752035325286,0.583752035325286,2.830620393361e-05,0.761045316659931,"Metropolitan Statistical Area",0.619642385238726,0.541283445835695
16740,11,"Charlotte-Concord-Gastonia, NC-SC",79,79,1875957,1875957,0.232629174135218,0.232629174135218,4.211183945047e-05,0.468938786976461,"Metropolitan Statistical Area",0.593217696223246,0.528416005062142
41940,2,"San Jose-Sunnyvale-Santa Clara, CA",17,17,1845560,1845560,0.305192573039469,0.305192573039469,9.2112963003e-06,0.532894622770324,"Metropolitan Statistical Area",0.682491345903168,0.550811774303421
38900,7,"Portland-Vancouver-Hillsboro, OR-WA",58,58,1775481,1775481,0.157847628040136,0.157847628040136,3.266720398584e-05,0.361120169689228,"Metropolitan Statistical Area",0.573865979532704,0.468317844965051
12420,5,"Austin-Round Rock-San Marcos, TX",49,49,1708042,1708042,0.334616263749576,0.334616263749576,2.868781915198e-05,0.564492559316457,"Metropolitan Statistical Area",0.621890561659248,0.568723971941246
47900,20,"Washington-Arlington-Alexandria, DC-VA-MD-WV",94,94,1688516,1688516,0.176842904248076,0.176842904248076,5.567018612793e-05,0.396827746968344,"Metropolitan Statistical Area",0.543920395356584,0.405746729171125
39300,5,"Providence-Warwick, RI-MA",13,59,900182,1675774,0.106438787021844,0.0367492860986267,1.444152404735e-05,0.113196648235383,"Metropolitan Statistical Area",0.594926556559297,0.424054599213162
34980,14,"Nashville-Davidson--Murfreesboro--Franklin, TN",55,55,1588585,1588585,0.218205774181412,0.218205774181412,3.462200637674e-05,0.443132095544148,"Metropolitan Statistical Area",0.638135385623009,0.531932135020826
33340,4,"Milwaukee-Waukesha, WI",63,90,1446632,1566724,0.167646594037997,0.143222627630265,4.35494306776e-05,0.363388829174762,"Metropolitan Statistical Area",0.541153111996801,0.314962458969592
47260,12,"Virginia Beach-Chesapeake-Norfolk, VA-NC",15,15,1501107,1501107,0.177615013113027,0.177615013113027,9.99262544242e-06,0.30488965809899,"Metropolitan Statistical Area",0.493354605911244,0.327088391616665
40900,4,"Sacramento-Roseville-Folsom, CA",19,19,1499047,1499047,0.16554700994629,0.16554700994629,1.267471933835e-05,0.350249858743588,"Metropolitan Statistical Area",0.615080588028939,0.448840609399432
31140,12,"Louisville/Jefferson County, KY-IN",138,179,1191004,1462059,0.431970913726883,0.290287915067975,0.00011586862848487,0.532040088669472,"Metropolitan Statistical Area",0.623174267344173,0.488924255753599
36420,7,"Oklahoma City, OK",77,77,1308343,1308343,0.297621737107599,0.297621737107599,5.885306834675e-05,0.525645797776271,"Metropolitan Statistical Area",0.581358209587734,0.417205813827056
29820,1,"Las Vegas-Henderson-North Las Vegas, NV",5,5,1279138,1279138,0.365454161704831,0.365454161704831,3.90888238798e-06,0.505645207944725,"Metropolitan Statistical Area",0.677389784489532,0.542176815958256
15380,2,"Buffalo-Cheektowaga, NY",26,63,503227,1251108,0.322754545925893,0.0793341628334436,5.166654412422e-05,0.221249484456977,"Metropolitan Statistical Area",0.516282064343822,0.298976604885547
41620,2,"Salt Lake City-Murray, UT",30,30,1234990,1234990,0.0753896678295048,0.0753896678295048,2.429169466959e-05,0.162331678799019,"Metropolitan Statistical Area",0.619079064012596,0.420092785256377
45300,4,"Tampa-St. Petersburg-Clearwater, FL",35,35,1194072,1194072,0.172515805079428,0.172515805079428,2.931146530527e-05,0.324142932754474,"Metropolitan Statistical Area",0.714886546283063,0.565790686438397
24340,5,"Grand Rapids-Wyoming-Kentwood, MI",44,134,530853,1191227,0.179852821070535,0.0442852316444724,8.288546923536e-05,0.165724920607072,"Metropolitan Statistical Area",0.57408297472133,0.435288502399628
40380,5,"Rochester, NY",40,117,347215,1167742,0.374522725716374,0.0528855308164379,0.00011520239620984,0.180353194455625,"Metropolitan Statistical Area",0.629812528593265,0.544516255324494
25540,2,"Hartford-West Hartford-East Hartford, CT",4,56,241569,1148947,0.380601649178373,0.0367365843499295,1.655841602192e-05,0.104944788575974,"Metropolitan Statistical Area",0.553331783665223,0.330221834493211
36740,4,"Orlando-Kissimmee-Sanford, FL",36,36,1120010,1120010,0.10337651972068,0.10337651972068,3.214257015562e-05,0.276027892608102,"Metropolitan Statistical Area",0.664076916877811,0.553352091459805
32820,9,"Memphis, TN-MS-AR",51,51,1068801,1068801,0.358563174109654,0.358563174109654,4.771702122284e-05,0.587693125287121,"Metropolitan Statistical Area",0.597630897852907,0.427079016640402
27260,5,"Jacksonville, FL",16,16,1067907,1067907,0.800358536868706,0.800358536868706,1.498257807093e-05,0.893911173913084,"Metropolitan Statistical Area",0.437800012088628,0.30860454832984
39580,3,"Raleigh-Cary, NC",27,27,1025563,1025563,0.251776244349145,0.251776244349145,2.632700282674e-05,0.457430699040429,"Metropolitan Statistical Area",0.679006493518602,0.612455687860688
19430,3,"Dayton-Kettering-Beavercreek, OH",41,74,618583,1015805,0.0851939230890747,0.0449034383040063,6.628051530675e-05,0.135430520621576,"Metropolitan Statistical Area",0.605624458234002,0.483308462421046
46520,1,"Urban Honolulu, HI",1,1,963826,963826,1,1,1.03753167065e-06,1,"Metropolitan Statistical Area",NA,NA
10580,5,"Albany-Schenectady-Troy, NY",37,101,351111,963382,0.148853180667657,0.0385696628317164,0.00010537978018347,0.102365416833613,"Metropolitan Statistical Area",0.634502592413176,0.417872491932461
14860,2,"Bridgeport-Stamford-Danbury, CT",5,25,464534,950073,0.261502253985658,0.0820617521292771,1.076347479409e-05,0.156128002795575,"Metropolitan Statistical Area",0.500050292351426,0.296638490975864
23420,2,"Fresno, CA",17,17,939322,939322,0.362582045102767,0.362582045102767,1.809816016232e-05,0.579684069999425,"Metropolitan Statistical Area",0.684317090781743,0.584390481869112
10900,4,"Allentown-Bethlehem-Easton, PA-NJ",47,107,398446,865310,0.147966103563999,0.0405393409063334,0.00011795826787067,0.145547838346951,"Metropolitan Statistical Area",0.59271839950272,0.467095799054862
49340,1,"Worcester, MA",5,60,330111,862029,0.429524629756208,0.0736735489396156,1.514642044645e-05,0.238875954289241,"Metropolitan Statistical Area",0.419273738429744,0.299358899161246
13820,7,"Birmingham, AL",88,88,839791,839791,0.0809006622614958,0.0809006622614958,0.00010478797700856,0.235266869971219,"Metropolitan Statistical Area",0.68394015977195,0.583798591200388
28880,2,"Kiryas Joel-Poughkeepsie-Newburgh, NY",33,74,250587,838613,0.0782740042552912,0.0260367533382365,0.00013169079002502,0.0546271045166245,"Metropolitan Statistical Area",0.525899198452191,0.385830737668621
46140,7,"Tulsa, OK",73,73,807991,807991,0.287903739185592,0.287903739185592,9.034754099983e-05,0.509165324861292,"Metropolitan Statistical Area",0.733367721172545,0.66320519223634
23060,3,"Fort Wayne, IN",17,55,327211,778446,0.666103036715747,0.157701449708559,5.195424359205e-05,0.341673025489244,"Metropolitan Statistical Area",0.576357701895323,0.489630155269958
36540,7,"Omaha, NE-IA",78,107,740525,771565,0.449653416290758,0.414313271477466,0.00010533067755983,0.631573490243855,"Metropolitan Statistical Area",0.590189054209096,0.488607204366067
48620,4,"Wichita, KS",50,150,577787,770192,0.475214393148413,0.27026110663364,8.653708027352e-05,0.51376669713526,"Metropolitan Statistical Area",0.789406830749017,0.666546933969598
21340,2,"El Paso, TX",8,8,755637,755637,0.809510869338526,0.809510869338526,1.058709406765e-05,0.897805427738451,"Metropolitan Statistical Area",0.634487620268591,0.524480411314609
37100,1,"Oxnard-Thousand Oaks-Ventura, CA",10,10,746923,746923,0.165953963762488,0.165953963762488,1.338826090507e-05,0.270280872325528,"Metropolitan Statistical Area",0.615484941362363,0.487019087093993
45060,3,"Syracuse, NY",38,94,263906,736468,0.318667031944266,0.0609488148112937,0.00014399066334225,0.198383364925564,"Metropolitan Statistical Area",0.512497859649638,0.409490944564343
10740,4,"Albuquerque, NM",19,19,736192,736192,0.605839026921383,0.605839026921383,2.580848474311e-05,0.764201458315222,"Metropolitan Statistical Area",0.626162448777288,0.538738526772049
12580,5,"Baltimore-Columbia-Towson, MD",20,20,722440,722440,0.642421642671331,0.642421642671331,2.768395991362e-05,0.797987376114279,"Metropolitan Statistical Area",0.528251335764036,0.342443305210412
10420,2,"Akron, OH",31,58,543087,704259,0.150503106740436,0.0924061851593699,5.708109382106e-05,0.268859893874271,"Metropolitan Statistical Area",0.472026388813972,0.249886287734889
46060,1,"Tucson, AZ",5,5,685938,685938,0.641191161514812,0.641191161514812,7.28928853628e-06,0.791969536605349,"Metropolitan Statistical Area",0.594895603083955,0.455319694800305
39340,2,"Provo-Orem-Lehi, UT",29,29,684176,684176,0.0881240837327644,0.0881240837327644,4.238675428544e-05,0.166746568134515,"Metropolitan Statistical Area",0.585374071411958,0.461731032463031
31540,4,"Madison, WI",57,141,552619,680383,0.251476251464658,0.16659867917992,0.00010314520492418,0.39565362450267,"Metropolitan Statistical Area",0.54882937625728,0.394137666762419
45780,3,"Toledo, OH",42,84,447391,670018,0.37424651038306,0.176475153994448,9.387761488273e-05,0.40074744260602,"Metropolitan Statistical Area",0.562504129958052,0.369725946448784
14260,5,"Boise City, ID",22,22,647188,647188,0.214433131892085,0.214433131892085,3.399321371842e-05,0.36688875566296,"Metropolitan Statistical Area",0.610970970671739,0.529768499042321
37900,5,"Peoria, IL",58,133,284768,645608,0.182207558737184,0.0655313535297573,0.00020367457017642,0.172962540736794,"Metropolitan Statistical Area",0.618910933010236,0.480280624597281
19780,6,"Des Moines-West Des Moines, IA",74,74,639676,639676,0.147412293851937,0.147412293851937,0.00011568356480468,0.331466242285157,"Metropolitan Statistical Area",0.549576223622596,0.415838100391416
32580,1,"McAllen-Edinburg-Mission, TX",22,22,625112,625112,0.127611527622077,0.127611527622077,3.519369329016e-05,0.230230742650917,"Metropolitan Statistical Area",0.705408065886717,0.51471984912826
44700,1,"Stockton-Lodi, CA",7,7,624942,624942,0.322565847610471,0.322565847610471,1.120103945646e-05,0.515439832816485,"Metropolitan Statistical Area",0.681156708137237,0.552853907143903
36260,3,"Ogden, UT",31,31,619425,619425,0.0663707960789799,0.0663707960789799,5.004641401299e-05,0.140126730435485,"Metropolitan Statistical Area",0.621811046631425,0.413824749466967
12540,1,"Bakersfield-Delano, CA",11,11,608819,608819,0.463919304932489,0.463919304932489,1.806776726744e-05,0.66951754133823,"Metropolitan Statistical Area",0.736873366961514,0.565178558771419
40420,2,"Rockford, IL",16,39,263035,599313,0.344027234717511,0.156027257193895,6.0828406866e-05,0.282525157972545,"Metropolitan Statistical Area",0.653114777032213,0.561324144141232
25420,3,"Harrisburg-Carlisle, PA",37,103,162370,597460,0.129244348572694,0.0351649421374843,0.00022787460737821,0.0905315837043484,"Metropolitan Statistical Area",0.608788646725692,0.414604465042152
35300,1,"New Haven, CT",5,16,303282,570275,0.299243643066558,0.112636586054571,1.648630647384e-05,0.236869931173557,"Metropolitan Statistical Area",0.493980394057744,0.353005991248199
42540,3,"Scranton--Wilkes-Barre, PA",64,139,361997,567750,0.0759963491528524,0.0341324737318372,0.00017679704527938,0.133639806252752,"Metropolitan Statistical Area",0.616139522572072,0.394376982439255
38860,3,"Portland-South Portland, ME",7,67,190039,556893,0.202749159060423,0.0359102946058149,3.683454448823e-05,0.12266808884292,"Metropolitan Statistical Area",0.677979911711417,0.456077855935256
30780,6,"Little Rock-North Little Rock-Conway, AR",46,46,555875,555875,0.175192483194392,0.175192483194392,8.275241736001e-05,0.363387452214976,"Metropolitan Statistical Area",0.665555159598991,0.519118525023666
29540,1,"Lancaster, PA",19,60,158072,553676,0.164205955570229,0.0341606038246448,0.00012019839060681,0.103856768218236,"Metropolitan Statistical Area",0.704775891504897,0.610099624504063
24660,3,"Greensboro-High Point, NC",25,25,551506,551506,0.34107733541973,0.34107733541973,4.53304225158e-05,0.540815512433228,"Metropolitan Statistical Area",0.629213563267454,0.550183349708488
19660,2,"Deltona-Daytona Beach-Ormond Beach, FL",21,21,551236,551236,0.110570348417891,0.110570348417891,3.809620561792e-05,0.173758607928365,"Metropolitan Statistical Area",0.631305501543314,0.517943955391319
17820,2,"Colorado Springs, CO",11,11,542983,542983,0.798114763594621,0.798114763594621,2.025846113045e-05,0.891291255895673,"Metropolitan Statistical Area",0.577763868022073,0.527392049472782
16700,3,"Charleston-North Charleston, SC",27,27,536832,536832,0.176794005604573,0.176794005604573,5.029506437768e-05,0.282419825941822,"Metropolitan Statistical Area",0.727267429674652,0.590407218872353
19340,4,"Davenport-Moline-Rock Island, IA-IL",55,112,328817,536215,0.145971957574713,0.0662931651324721,0.00016726629097644,0.18837406637263,"Metropolitan Statistical Area",0.595446051601244,0.454594371561848
43780,2,"South Bend-Mishawaka, IN-MI",14,42,174536,492568,0.43814508778355,0.120526545478293,8.021267818673e-05,0.209824836367771,"Metropolitan Statistical Area",0.645041695827526,0.536299072313237
35380,3,"New Orleans-Metairie, LA",9,9,485994,485994,0.621793996935619,0.621793996935619,1.851874714502e-05,0.775670070000864,"Metropolitan Statistical Area",NA,NA
29620,3,"Lansing-East Lansing, MI",26,74,225350,483638,0.300460410684777,0.0851949482647374,0.00011537608165076,0.232992444762405,"Metropolitan Statistical Area",0.656790731536254,0.559603242462634
49660,2,"Youngstown-Warren, OH",21,59,189975,479886,0.165636696456881,0.049668200322723,0.00011054086063955,0.125592328177942,"Metropolitan Statistical Area",0.56317821334996,0.409008424239985
44140,1,"Springfield, MA",7,23,357978,462718,0.24873616865688,0.155276050106797,1.955427428501e-05,0.334521241879503,"Metropolitan Statistical Area",0.499624871185197,0.31588406161476
22220,3,"Fayetteville-Springdale-Rogers, AR",34,34,461551,461551,0.127342528661099,0.127342528661099,7.366466544325e-05,0.20632606147533,"Metropolitan Statistical Area",0.635541388216782,0.468161435461449
49620,1,"York-Hanover, PA",37,72,123326,458696,0.162708411411153,0.0361531387149244,0.00030001783889852,0.0977422955508659,"Metropolitan Statistical Area",0.574920147756687,0.485062037009085
47930,1,"Waterbury-Shelton, CT",6,19,278468,449929,0.25592402793637,0.112277933604762,2.154646135283e-05,0.252953243734011,"Metropolitan Statistical Area",0.439083954284467,0.27871177837198
15940,2,"Canton-Massillon, OH",23,54,179319,445932,0.216518602553033,0.0711525687787929,0.00012826303961097,0.157929908595929,"Metropolitan Statistical Area",0.685628229016902,0.597442060503308
33700,1,"Modesto, CA",9,9,441626,441626,0.295274459700651,0.295274459700651,2.037923491823e-05,0.495376178032996,"Metropolitan Statistical Area",0.676214189590653,0.562066536886523
30460,6,"Lexington-Fayette, KY",12,12,440910,440910,0.548264329057849,0.548264329057849,2.721643872899e-05,0.729838288993219,"Metropolitan Statistical Area",0.683878890898386,0.570219323377854
16580,3,"Champaign-Urbana, IL",40,90,198898,435105,0.249417779683378,0.105614476967258,0.00020110810566219,0.204810333137978,"Metropolitan Statistical Area",0.622174810454423,0.475024294704959
46700,1,"Vallejo, CA",7,7,432844,432844,0.227297768636204,0.227297768636204,1.617210819602e-05,0.288524272024101,"Metropolitan Statistical Area",0.67172193151094,0.549016181669272
39740,1,"Reading, PA",28,72,174652,429318,0.307132194230859,0.0675346698353491,0.00016031880539587,0.220917827810621,"Metropolitan Statistical Area",0.567240792364913,0.47080395325102
31700,1,"Manchester-Nashua, NH",2,31,206586,424079,0.506939656981928,0.138906056456664,9.68119814508e-06,0.272265309057982,"Metropolitan Statistical Area",0.599644877543855,0.386891434866238
21780,3,"Evansville, IN",13,41,142118,411735,0.67753551179945,0.139048624139159,9.147328276502e-05,0.282914981723682,"Metropolitan Statistical Area",0.557445552586866,0.456077997274559
22420,1,"Flint, MI",14,31,164151,407443,0.287625498258969,0.076847976430071,8.528732691241e-05,0.197887802711054,"Metropolitan Statistical Area",0.565704921211097,0.364940459749402
49180,5,"Winston-Salem, NC",23,23,406326,406326,0.395808368391954,0.395808368391954,5.660479516447e-05,0.616057057633526,"Metropolitan Statistical Area",0.526282671258354,0.472300727914693
39900,2,"Reno, NV",4,4,405321,405321,0.516777156100639,0.516777156100639,9.86872133444e-06,0.663303899871953,"Metropolitan Statistical Area",0.72158070572768,0.561769594847078
18580,3,"Corpus Christi, TX",21,21,404613,404613,0.622224406509871,0.622224406509871,5.190144656746e-05,0.785375160956272,"Metropolitan Statistical Area",NA,NA
15980,1,"Cape Coral-Fort Myers, FL",6,6,401278,401278,0.340504070875537,0.340504070875537,1.495222763271e-05,0.509646678861039,"Metropolitan Statistical Area",0.593818965253909,0.418538392718788
20500,4,"Durham-Chapel Hill, NC",8,8,398451,398451,0.541429431047725,0.541429431047725,2.00777510911e-05,0.716592504473574,"Metropolitan Statistical Area",0.642916706812029,0.561344827576459
44060,2,"Spokane-Spokane Valley, WA",19,19,394230,394230,0.413172380317532,0.413172380317532,4.819521599066e-05,0.581059280115669,"Metropolitan Statistical Area",0.588401212911684,0.485073712712251
37340,1,"Palm Bay-Melbourne-Titusville, FL",16,16,389650,389650,0.178997340781454,0.178997340781454,4.106249197998e-05,0.315519055562684,"Metropolitan Statistical Area",0.623777394858609,0.466189224430255
45940,1,"Trenton-Princeton, NJ",5,12,131889,385898,0.527827967538588,0.150121028728469,3.791066730356e-05,0.237381380572068,"Metropolitan Statistical Area",0.653823958958059,0.572271470845567
28660,3,"Killeen-Temple, TX",19,19,383732,383732,0.239067941631419,0.239067941631419,4.951372311926e-05,0.407213888859933,"Metropolitan Statistical Area",0.690940706377384,0.618165293871778
27140,8,"Jackson, MS",44,44,380981,380981,0.183215939234555,0.183215939234555,0.0001154913237143,0.393093093881322,"Metropolitan Statistical Area",0.580717260706035,0.442606853147377
28940,9,"Knoxville, TN",33,33,379225,379225,0.28076760172003,0.28076760172003,8.701957940536e-05,0.508004482826818,"Metropolitan Statistical Area",0.709515781079424,0.563894360055905
12940,10,"Baton Rouge, LA",37,37,375713,375713,0.36394528195538,0.36394528195538,9.84794244543e-05,0.591368943848097,"Metropolitan Statistical Area",0.608267324402611,0.485807305452025
11460,1,"Ann Arbor, MI",8,28,168963,374006,0.53754968626697,0.149940425805507,4.734764415878e-05,0.324957353625343,"Metropolitan Statistical Area",0.406115486938264,0.358999736766183
12100,2,"Atlantic City-Hammonton, NJ",29,39,179783,370627,0.0881082601652545,0.062285547191812,0.00016130557394191,0.128789861504963,"Metropolitan Statistical Area",0.573516989257283,0.341641107701674
44100,2,"Springfield, IL",30,56,168495,363229,0.463876518815426,0.19807448003076,0.00017804682631532,0.312183223255852,"Metropolitan Statistical Area",0.642298980182592,0.523805945910088
29200,4,"Lafayette-West Lafayette, IN",21,71,136399,361108,0.378889562121803,0.118809853891812,0.00015396007302106,0.196160151533613,"Metropolitan Statistical Area",0.528491952271476,0.315602465451385
42220,1,"Santa Rosa-Petaluma, CA",9,9,352610,352610,0.304972760342156,0.304972760342156,2.552394997305e-05,0.501795184481438,"Metropolitan Statistical Area",0.700726544203761,0.611656872436753
47300,1,"Visalia, CA",8,8,342505,342505,0.25953266327361,0.25953266327361,2.335732325075e-05,0.417447920468314,"Metropolitan Statistical Area",0.692327618554564,0.569233123788603
46540,2,"Utica-Rome, NY",30,75,152730,341894,0.231236072930745,0.0603884392195263,0.00019642506383814,0.18865788811737,"Metropolitan Statistical Area",0.627502176571871,0.374263003859224
41500,1,"Salinas, CA",12,12,333221,333221,0.273774937924815,0.273774937924815,3.601213608986e-05,0.488537637183731,"Metropolitan Statistical Area",0.551942693057909,0.435075027153228
24580,3,"Green Bay, WI",20,66,251804,330005,0.214697937408872,0.127325803936307,7.942685580848e-05,0.324282965409615,"Metropolitan Statistical Area",0.67668175302868,0.504967664055297
15180,1,"Brownsville-Harlingen, TX",17,17,329664,329664,0.379866209929645,0.379866209929645,5.156765676567e-05,0.569764972820812,"Metropolitan Statistical Area",NA,NA
41420,2,"Salem, OR",23,23,327538,327538,0.322317329053119,0.322317329053119,7.022085986969e-05,0.542602690374857,"Metropolitan Statistical Area",0.530410624239413,0.457711858728379
14010,1,"Bloomington, IL",21,52,152304,323193,0.389623701374213,0.172828114021275,0.00013788213047589,0.242217498522555,"Metropolitan Statistical Area",0.715309054137457,0.541781382226951
24540,1,"Greeley, CO",26,26,318389,318389,0.158327697135324,0.158327697135324,8.166111266406e-05,0.343362993068228,"Metropolitan Statistical Area",0.743057348764575,0.632338146239333
40060,8,"Richmond, VA",10,10,315678,315678,0.535957391933201,0.535957391933201,3.167784894734e-05,0.717832728286418,"Metropolitan Statistical Area",0.501864351507967,0.413905813355357
30700,2,"Lincoln, NE",23,23,315549,315549,0.861115636288867,0.861115636288867,7.288883818361e-05,0.927453422447861,"Metropolitan Statistical Area",0.49237211012741,0.414344624874904
26620,2,"Huntsville, AL",11,11,314050,314050,0.519516182168541,0.519516182168541,3.502626970227e-05,0.690854959401369,"Metropolitan Statistical Area",0.696149240372694,0.614630408034608
12260,7,"Augusta-Richmond County, GA-SC",27,27,312289,312289,0.436006818577821,0.436006818577821,8.645837669594e-05,0.644262205841384,"Metropolitan Statistical Area",0.61494233834484,0.514100042920284
31180,6,"Lubbock, TX",24,24,310959,310959,0.707416984975164,0.707416984975164,7.71805929399e-05,0.839316437215196,"Metropolitan Statistical Area",0.545077585947896,0.474290963206113
21140,1,"Elkhart-Goshen, IN",7,23,103809,310730,0.388441863963007,0.106432514216222,6.74315329114e-05,0.179747690921379,"Metropolitan Statistical Area",0.675369998410599,0.548599620176098
42200,1,"Santa Maria-Santa Barbara, CA",8,8,307535,307535,0.244611221054325,0.244611221054325,2.601329929926e-05,0.356743134927732,"Metropolitan Statistical Area",0.688860806874304,0.546748896942015
16860,6,"Chattanooga, TN-GA",26,26,306811,306811,0.365982486385582,0.365982486385582,8.474272434821e-05,0.59356737535486,"Metropolitan Statistical Area",0.67443730282086,0.507094460419235
11260,2,"Anchorage, AK",4,4,305738,305738,0.889477307810706,0.889477307810706,1.308309729245e-05,0.942378768749714,"Metropolitan Statistical Area",0.60740186752108,0.423719208602443
24860,4,"Greenville-Anderson-Greer, SC",27,27,302076,302076,0.111257367124216,0.111257367124216,8.938148015731e-05,0.238665104145976,"Metropolitan Statistical Area",0.607979364307186,0.51556563966735
35980,1,"Norwich-New London-Willimantic, CT",6,24,81879,299193,0.367618992560783,0.075211070446397,7.327886271205e-05,0.133739759954277,"Metropolitan Statistical Area",0.508645423785149,0.315327725363232
44180,5,"Springfield, MO",33,33,294902,294902,0.351303633647543,0.351303633647543,0.00011190158086415,0.57552678516931,"Metropolitan Statistical Area",0.690427914256946,0.564247350615953
29460,1,"Lakeland-Winter Haven, FL",17,17,294172,294172,0.209999442937151,0.209999442937151,5.778932053356e-05,0.392372489563929,"Metropolitan Statistical Area",0.694753517241266,0.585585598746156
38940,2,"Port St. Lucie, FL",8,8,293442,293442,0.580316796664512,0.580316796664512,2.726262770837e-05,0.741281070876016,"Metropolitan Statistical Area",0.602621136343087,0.460984987742814
43620,5,"Sioux Falls, SD-MN",40,125,256258,291410,0.592707343319782,0.458758424198188,0.00015609268783803,0.674403761023987,"Metropolitan Statistical Area",0.506079048637034,0.42281197543382
13780,2,"Binghamton, NY",14,39,92507,290161,0.317572080244856,0.0895294091567316,0.00015133989860226,0.191686684289067,"Metropolitan Statistical Area",0.451917850164746,0.417963438519778
13140,3,"Beaumont-Port Arthur, TX",21,21,289789,289789,0.207126031096642,0.207126031096642,7.246651874294e-05,0.388406737315771,"Metropolitan Statistical Area",NA,NA
33860,4,"Montgomery, AL",19,19,286541,286541,0.504425977109298,0.504425977109298,6.630813740442e-05,0.693321374602587,"Metropolitan Statistical Area",0.654363696989946,0.501308744933054
21660,1,"Eugene-Springfield, OR",12,12,282995,282995,0.435327147247981,0.435327147247981,4.240357603491e-05,0.61872471245075,"Metropolitan Statistical Area",0.619883137113243,0.495832147399979
22660,1,"Fort Collins-Loveland, CO",6,6,282890,282890,0.434038466669198,0.434038466669198,2.120965746403e-05,0.595772208278836,"Metropolitan Statistical Area",0.6096352513024,0.508598140886841
43340,3,"Shreveport-Bossier City, LA",23,23,275821,275821,0.498195869089203,0.498195869089203,8.33874143013e-05,0.66717545074523,"Metropolitan Statistical Area",0.626744316501297,0.541581450590671
20260,3,"Duluth, MN-WI",42,149,202529,275372,0.216105775995512,0.118431753918525,0.00020737770887132,0.313655709367692,"Metropolitan Statistical Area",0.537703842347404,0.255302943814771
14500,1,"Boulder, CO",9,9,274296,274296,0.300233747761775,0.300233747761775,3.281126957739e-05,0.379790445358299,"Metropolitan Statistical Area",0.604051858445584,0.485445996351637
21500,1,"Erie, PA",16,38,126534,269011,0.559361634182737,0.172714814966992,0.00012644822735391,0.349424372981031,"Metropolitan Statistical Area",0.444156772670345,0.225584755698611
28020,1,"Kalamazoo-Portage, MI",9,24,133840,268898,0.434257249380031,0.135342104686745,6.724447101016e-05,0.272434157189715,"Metropolitan Statistical Area",0.489093302591174,0.249343991941878
29700,1,"Laredo, TX",3,3,263059,263059,0.948554391506255,0.948554391506255,1.140428573057e-05,0.97374733424821,"Metropolitan Statistical Area",0.860200441617708,0.779957950963416
17980,7,"Columbus, GA-AL",15,15,262600,262600,0.635858290897342,0.635858290897342,5.712109672505e-05,0.783004569687738,"Metropolitan Statistical Area",0.563204948776467,0.448479633048864
17900,6,"Columbia, SC",30,30,259747,259747,0.302632563933481,0.302632563933481,0.00011549700285277,0.529519108979122,"Metropolitan Statistical Area",0.706773545177423,0.582904295891594
25060,4,"Gulfport-Biloxi, MS",13,13,259369,259369,0.144134080843738,0.144134080843738,5.012164136808e-05,0.278001611603546,"Metropolitan Statistical Area",0.568441111957354,0.419195157711891
45460,4,"Terre Haute, IN",25,62,90772,259275,0.430577179752069,0.101416200825751,0.00027541532631207,0.225725580946871,"Metropolitan Statistical Area",0.614723042069868,0.51741056246733
28420,2,"Kennewick-Richland, WA",9,9,257320,257320,0.265135296168479,0.265135296168479,3.497590548733e-05,0.32833825586818,"Metropolitan Statistical Area",0.653860545295711,0.456158591391291
22020,2,"Fargo, ND-MN",37,116,236728,251626,0.351149664949452,0.310888853164792,0.00015629752289547,0.503715832227194,"Metropolitan Statistical Area",0.688549736464842,0.477534402525802
14020,2,"Bloomington, IN",5,29,90030,251351,0.79514002151331,0.18300500190877,5.553704320781e-05,0.318152702794101,"Metropolitan Statistical Area",0.554573625267823,0.493129233642422
33660,1,"Mobile, AL",11,11,249975,249975,0.559813813820626,0.559813813820626,4.400440044004e-05,0.73988198819882,"Metropolitan Statistical Area",0.654877146394234,0.553211286541065
22180,2,"Fayetteville, NC",10,10,249131,249131,0.710170638596811,0.710170638596811,4.013952498886e-05,0.838024974812448,"Metropolitan Statistical Area",0.609452661294435,0.495894317890639
45820,5,"Topeka, KS",38,91,152736,243336,0.681723678766798,0.277015023570643,0.00024879530693484,0.517650491501463,"Metropolitan Statistical Area",0.562033918156,0.491467375758323
35840,2,"North Port-Bradenton-Sarasota, FL",9,9,242757,242757,0.228346673216665,0.228346673216665,3.707411114818e-05,0.329634160909881,"Metropolitan Statistical Area",0.67452807569055,0.504414203868813
15540,3,"Burlington-South Burlington, VT",8,41,95411,241660,0.291940910179896,0.0692025054039966,8.384777436563e-05,0.185305801539353,"Metropolitan Statistical Area",0.636438184942125,0.476612170224601
42340,3,"Savannah, GA",13,13,241437,241437,0.395945788509355,0.395945788509355,5.384427407563e-05,0.609218968095197,"Metropolitan Statistical Area",0.685103719543598,0.602122882875962
11540,2,"Appleton, WI",20,48,163504,239806,0.241465957510652,0.125190328502203,0.00012232116645464,0.312143983052968,"Metropolitan Statistical Area",0.669858214710529,0.523895920979597
16300,3,"Cedar Rapids, IA",39,39,238321,238321,0.362064774595447,0.362064774595447,0.00016364483197032,0.572618443192165,"Metropolitan Statistical Area",0.559812879365597,0.470647439093015
29180,4,"Lafayette, LA",23,23,235978,235978,0.285926938037488,0.285926938037488,9.746671299866e-05,0.51602691776352,"Metropolitan Statistical Area",0.602777859526043,0.496030293606885
47380,3,"Waco, TX",30,30,232492,232492,0.374937578204091,0.374937578204091,0.00012903669803692,0.600424960858868,"Metropolitan Statistical Area",0.63025476712147,0.525011264561447
12700,1,"Barnstable Town, MA",1,15,49583,232411,1,0.110231222013764,2.016820281144e-05,0.213341881408367,"Metropolitan Statistical Area",0.42325694308463,0.393305688109937
40340,4,"Rochester, MN",36,106,180796,227162,0.458361941132389,0.291516706838498,0.00019911944954534,0.53470650901119,"Metropolitan Statistical Area",0.598849849081535,0.387947790618254
11100,5,"Amarillo, TX",13,13,224452,224452,0.808606081025984,0.808606081025984,5.7918842336e-05,0.896556947587903,"Metropolitan Statistical Area",0.640871364309464,0.512893412326987
17780,3,"College Station-Bryan, TX",12,12,221744,221744,0.447310463265117,0.447310463265117,5.411645861894e-05,0.541250270582293,"Metropolitan Statistical Area",0.630549755989441,0.545368726581588
45220,4,"Tallahassee, FL",10,10,218690,218690,0.814380531862287,0.814380531862287,4.572682792994e-05,0.901284923864831,"Metropolitan Statistical Area",0.634503425238389,0.544010588670714
17300,4,"Clarksville, TN-KY",9,9,215849,215849,0.649056041271378,0.649056041271378,4.169581513002e-05,0.792021274131453,"Metropolitan Statistical Area",0.620761065575498,0.463618749854968
48900,3,"Wilmington, NC",29,29,213186,213186,0.326797001012998,0.326797001012998,0.00013603144671789,0.551832671939058,"Metropolitan Statistical Area",0.620251213682303,0.519710605570967
41060,2,"St. Cloud, MN",33,79,155411,206446,0.22908440978902,0.131834357460291,0.00021234018184041,0.333346250351181,"Metropolitan Statistical Area",0.525143869633033,0.375686736348791
28740,1,"Kingston, NY",4,24,39762,198613,0.424144808686783,0.0615182630604634,0.00010059856144057,0.121341503325563,"Metropolitan Statistical Area",0.547838811997004,0.418628963012683
26580,8,"Huntington-Ashland, WV-KY-OH",34,48,140679,198124,0.146997868176436,0.086311753915575,0.00024168497074901,0.232304011629081,"Metropolitan Statistical Area",0.721994749722159,0.557490558500766
39540,1,"Racine-Mount Pleasant, WI",13,17,171707,196809,0.258367286708651,0.200896212003489,7.57103670788e-05,0.391887566117403,"Metropolitan Statistical Area",0.688776803451161,0.564042471002045
40980,1,"Saginaw, MI",8,35,57515,196538,0.594117423294789,0.111406673060318,0.00013909414935234,0.22313242222878,"Metropolitan Statistical Area",0.530647484058469,0.384754579676125
32900,1,"Merced, CA",6,6,194078,194078,0.303528844679964,0.303528844679964,3.091540514638e-05,0.460165500468884,"Metropolitan Statistical Area",0.698488146833491,0.594526776095096
19500,1,"Decatur, IL",12,28,89000,191432,0.619914858224971,0.208984964000189,0.00013483146067415,0.363815871954532,"Metropolitan Statistical Area",0.663071017973457,0.574185580595789
28100,1,"Kankakee, IL",19,36,78822,185423,0.201746344827872,0.105226037687417,0.00024104945319834,0.212470944812672,"Metropolitan Statistical Area",0.656929806656511,0.535324712084772
41100,1,"St. George, UT",15,15,183439,183439,0.345205769619012,0.345205769619012,8.177105195732e-05,0.544911387436696,"Metropolitan Statistical Area",0.619278261867951,0.462242867269659
23540,3,"Gainesville, FL",19,19,182964,182964,0.596146427803965,0.596146427803965,0.0001038455652478,0.767353140508515,"Metropolitan Statistical Area",0.648123935149507,0.539955795297401
34620,1,"Muncie, IN",7,18,83910,181708,0.626108320056954,0.264224331206736,8.342271481349e-05,0.359323750192617,"Metropolitan Statistical Area",0.479257434402731,0.251245224296877
34740,1,"Muskegon-Norton Shores, MI",11,27,90480,180646,0.26840511988913,0.095075974158165,0.00012157382847038,0.207876177717746,"Metropolitan Statistical Area",0.534864495592687,0.292290062909381
33140,1,"Michigan City-La Porte, IN",11,32,66610,179000,0.352544467331085,0.105365739583658,0.00016514036931391,0.17895530726257,"Metropolitan Statistical Area",0.589726812300579,0.44480644523465
20740,2,"Eau Claire, WI",13,49,115327,173342,0.391614715559384,0.179523988690783,0.00011272295299452,0.400601123789964,"Metropolitan Statistical Area",0.608665461548458,0.529844089518696
36780,1,"Oshkosh-Neenah, WI",6,21,137348,173136,0.312751846048061,0.200835539049763,4.368465503684e-05,0.384709130394603,"Metropolitan Statistical Area",0.655310746773282,0.512135940903289
29100,3,"La Crosse-Onalaska, WI-MN",24,74,113323,170019,0.256603260632685,0.118797771920671,0.00021178401560142,0.306936283591834,"Metropolitan Statistical Area",0.657479945872646,0.48530276805061
28450,1,"Kenosha, WI",7,12,158203,168730,0.426525685732041,0.375926978712249,4.424694854079e-05,0.588431221478101,"Metropolitan Statistical Area",0.646193403441163,0.552257448170695
49420,1,"Yakima, WA",14,14,168243,168243,0.352272046896362,0.352272046896362,8.321297171353e-05,0.574038741582116,"Metropolitan Statistical Area",0.63698138615679,0.479089086796855
30980,4,"Longview, TX",23,23,166835,166835,0.276571856155615,0.276571856155615,0.00013786076063176,0.49007702220757,"Metropolitan Statistical Area",0.561835607033731,0.431212751246933
31420,5,"Macon-Bibb County, GA",6,6,166604,166604,0.886547924406554,0.886547924406554,3.601354109145e-05,0.940925788096324,"Metropolitan Statistical Area",0.680096739990952,0.572008190612452
27100,1,"Jackson, MI",7,26,37032,165735,0.720821070550883,0.0970306237225854,0.00018902570749621,0.189139288623405,"Metropolitan Statistical Area",0.455460606783646,0.414000264562894
13460,3,"Bend, OR",8,8,164840,164840,0.437464919251958,0.437464919251958,4.853190973064e-05,0.619139771900024,"Metropolitan Statistical Area",0.522869479053644,0.433265426637356
27500,1,"Janesville-Beloit, WI",8,28,124432,164446,0.374444426224984,0.219412356653093,6.429214350006e-05,0.40099485545407,"Metropolitan Statistical Area",0.631162959194068,0.511048380497658
33780,1,"Monroe, MI",8,23,33420,163592,0.409236351733249,0.0949835527072941,0.00023937761819269,0.195333512641205,"Metropolitan Statistical Area",0.670647465426234,0.435664138115189
22900,3,"Fort Smith, AR-OK",29,29,163532,163532,0.330276661665555,0.330276661665555,0.00017733532275028,0.547758236919991,"Metropolitan Statistical Area",0.614277229282939,0.497637967430477
45900,4,"Traverse City, MI",14,62,24522,162376,0.419200424904535,0.0472701592460743,0.00057091591224206,0.121588165738779,"Metropolitan Statistical Area",0.660425273523563,0.585138999113558
11200,1,"Amherst Town-Northampton, MA",3,20,84711,161572,0.371583522830345,0.132564241611979,3.541452703899e-05,0.243717970935558,"Metropolitan Statistical Area",0.517028734737915,0.289206425183609
35660,1,"Niles, MI",17,39,47369,160785,0.142761069289573,0.0504834931380145,0.00035888450252274,0.0924402151942034,"Metropolitan Statistical Area",0.619892029590445,0.4661658137736
46220,4,"Tuscaloosa, AL",23,23,159064,159064,0.440600563847343,0.440600563847343,0.0001445958859327,0.632562993512045,"Metropolitan Statistical Area",0.759888163270411,0.675332756538012
42020,1,"San Luis Obispo-Paso Robles, CA",7,7,158994,158994,0.1912522790421,0.1912522790421,4.402681862208e-05,0.299036441626728,"Metropolitan Statistical Area",0.598757585052425,0.483713045639473
32780,1,"Medford, OR",11,11,157926,157926,0.340031387355794,0.340031387355794,6.965287539733e-05,0.54688271722199,"Metropolitan Statistical Area",0.518401923761316,0.441493889892455
44300,1,"State College, PA",10,35,53770,157527,0.557451940671681,0.105310158179232,0.00018597731076808,0.250909367917881,"Metropolitan Statistical Area",NA,NA
11700,3,"Asheville, NC",14,14,156799,156799,0.381278362348743,0.381278362348743,8.928628371354e-05,0.599920917862997,"Metropolitan Statistical Area",0.742567288887933,0.621300175600399
16540,1,"Chambersburg, PA",6,21,40735,155134,0.386375261287962,0.0833591099179119,0.00014729348226341,0.144094782575064,"Metropolitan Statistical Area",NA,NA
17860,3,"Columbia, MO",24,24,155020,155020,0.674686487321707,0.674686487321707,0.0001548187330667,0.818300864404593,"Metropolitan Statistical Area",0.600206071214947,0.490822118724133
47220,1,"Vineland, NJ",4,14,115849,153627,0.388362199355031,0.228806545985964,3.452770416663e-05,0.3980810664792,"Metropolitan Statistical Area",0.558567970280578,0.28154593037192
39150,1,"Prescott Valley-Prescott, AZ",9,9,152517,152517,0.220922779577155,0.220922779577155,5.900981529927e-05,0.315951664404624,"Metropolitan Statistical Area",0.640935341362481,0.4953394612192
36500,1,"Olympia-Lacey-Tumwater, WA",7,7,151973,151973,0.298143428623424,0.298143428623424,4.606081343396e-05,0.367953518059129,"Metropolitan Statistical Area",0.597973898281225,0.454792807656469
31900,1,"Mansfield, OH",9,27,74302,151828,0.441062036630528,0.128765939665932,0.00012112729132459,0.313967120689201,"Metropolitan Statistical Area",0.619016626671758,0.503505840998479
49740,1,"Yuma, AZ",4,4,151184,151184,0.482643751573427,0.482643751573427,2.645782622499e-05,0.642217430415917,"Metropolitan Statistical Area",0.677288419599676,0.45445485905541
12620,1,"Bangor, ME",3,59,48929,150927,0.487103678845382,0.0701586320919148,6.131333156205e-05,0.211499599143957,"Metropolitan Statistical Area",0.432583621191486,0.222147821527712
31740,3,"Manhattan, KS",19,64,93580,150320,0.404532771395258,0.168985162768602,0.00020303483650352,0.364309473124002,"Metropolitan Statistical Area",0.742329133436833,0.641500037526995
25860,4,"Hickory-Lenoir-Morganton, NC",24,24,148715,148715,0.133275246810038,0.133275246810038,0.00016138251017046,0.292720976364187,"Metropolitan Statistical Area",0.74590000795419,0.655437388376725
24020,2,"Glens Falls, NY",10,38,35429,147281,0.239609525687261,0.0724785177361058,0.00028225465014536,0.197595073363163,"Metropolitan Statistical Area",0.410335935573377,0.386297237912328
29020,1,"Kokomo, IN",3,14,63382,147069,0.888756964677458,0.273713891242095,4.733205010886e-05,0.405870713746609,"Metropolitan Statistical Area",0.4455253791234,0.307924124044181
44220,1,"Springfield, OH",9,19,70131,147001,0.710221581445659,0.201261640699541,0.00012833126577405,0.399745579962041,"Metropolitan Statistical Area",0.575014251723325,0.534796349392308
26980,2,"Iowa City, IA",19,19,146667,146667,0.308412018833239,0.308412018833239,0.00012954516012463,0.508607934981966,"Metropolitan Statistical Area",0.524371334426055,0.4389542708406
47940,3,"Waterloo-Cedar Falls, IA",26,26,146513,146513,0.292616115587303,0.292616115587303,0.00017745865554592,0.456894610034604,"Metropolitan Statistical Area",0.466896825068622,0.310198198088073
10180,3,"Abilene, TX",17,17,145202,145202,0.744083438601005,0.744083438601005,0.00011707827715871,0.86135177201416,"Metropolitan Statistical Area",0.637845856029926,0.496444496126171
20940,1,"El Centro, CA",7,7,144268,144268,0.223770949888076,0.223770949888076,4.85208084953e-05,0.306083123076497,"Metropolitan Statistical Area",0.614607814973504,0.510788970695958
27900,3,"Joplin, MO-KS",48,62,134875,143592,0.186872102858429,0.165392844853741,0.00035588507877664,0.361064683269263,"Metropolitan Statistical Area",0.662338195348391,0.515958802629306
30140,1,"Lebanon, PA",8,25,47374,143434,0.359373517825775,0.074466901172246,0.00016886899987334,0.18531868315741,"Metropolitan Statistical Area",0.52380714279461,0.447440604381592
29740,1,"Las Cruces, NM",5,5,142049,142049,0.650385914552495,0.650385914552495,3.519912142992e-05,0.794894719427803,"Metropolitan Statistical Area",0.761051150588974,0.619795049031321
12020,4,"Athens-Clarke County, GA",16,16,140590,140590,0.839012482229117,0.839012482229117,0.00011380610285226,0.915506081513621,"Metropolitan Statistical Area",0.349652691476114,0.279316989411409
48540,3,"Wheeling, WV-OH",24,40,74372,140221,0.162756815888465,0.07341427693452,0.00032270209218523,0.189472332960113,"Metropolitan Statistical Area",0.722113932665418,0.563046451559161
40220,6,"Roanoke, VA",9,9,139943,139943,0.536595543187263,0.536595543187263,6.431189841578e-05,0.706466204097382,"Metropolitan Statistical Area",0.455177701414578,0.353331925364226
41780,2,"Sandusky, OH",16,37,59858,139186,0.231313704811233,0.06733073830596,0.00026729927495071,0.177877085339043,"Metropolitan Statistical Area",0.686461206009806,0.462651828820269
30860,2,"Logan, UT-ID",25,25,138480,138480,0.18917441314648,0.18917441314648,0.00018053148469093,0.393096476025419,"Metropolitan Statistical Area",0.564227136458894,0.45948691067698
12980,1,"Battle Creek, MI",8,27,75855,137319,0.500550333497146,0.172331187205349,0.00010546437281655,0.381119874161624,"Metropolitan Statistical Area",0.572544090628313,0.378372218089436
29420,1,"Lake Havasu City-Kingman, AZ",4,4,136858,136858,0.338003558578156,0.338003558578156,2.922737435882e-05,0.425872071782431,"Metropolitan Statistical Area",0.575381668062868,0.45005237367469
17020,1,"Chico, CA",5,5,136789,136789,0.585445227490819,0.585445227490819,3.655264677715e-05,0.748144953176059,"Metropolitan Statistical Area",0.672167415984733,0.531052763967807
28700,5,"Kingsport-Bristol, TN-VA",18,18,136328,136328,0.232691387397907,0.232691387397907,0.00013203450501731,0.407707880992899,"Metropolitan Statistical Area",0.75584268124351,0.631069700537202
18020,1,"Columbus, IN",6,18,53796,136269,0.885290883566988,0.285969415536933,0.00011153245594468,0.375998943266627,"Metropolitan Statistical Area",0.732898164718693,0.648774430555324
48060,1,"Watertown-Fort Drum, NY",20,42,44389,136109,0.321988386847495,0.0829982492864919,0.00045056207619004,0.185557163743764,"Metropolitan Statistical Area",0.486275271490148,0.329987239496079
42100,1,"Santa Cruz-Watsonville, CA",4,4,136095,136095,0.366882405737567,0.366882405737567,2.939123406444e-05,0.455196737573019,"Metropolitan Statistical Area",0.727708961644882,0.604907648416286
13380,1,"Bellingham, WA",7,7,135933,135933,0.49052807053292,0.49052807053292,5.149595756733e-05,0.678930061133058,"Metropolitan Statistical Area",0.619483460252508,0.474215530272144
48140,1,"Wausau, WI",16,56,87061,135431,0.258183576933985,0.112581822714881,0.00018377918930405,0.292215223988599,"Metropolitan Statistical Area",0.668362629537882,0.547267701481264
46340,1,"Tyler, TX",10,10,134046,134046,0.647626392039513,0.647626392039513,7.460125628515e-05,0.799665786371842,"Metropolitan Statistical Area",0.729707101068724,0.615766206739721
33260,2,"Midland, TX",2,2,133974,133974,0.961236916631707,0.961236916631707,1.492826966426e-05,0.980227506829683,"Metropolitan Statistical Area",0.6992754134544,0.547514054369202
48660,3,"Wichita Falls, TX",18,18,133706,133706,0.603689292618417,0.603689292618417,0.00013462372668391,0.770257131317966,"Metropolitan Statistical Area",0.535134137348769,0.452331282430675
19300,1,"Daphne-Fairhope-Foley, AL",14,14,133357,133357,0.135599216362219,0.135599216362219,0.00010498136580756,0.215789197417458,"Metropolitan Statistical Area",0.718128011466323,0.644874102248296
17660,1,"Coeur d'Alene, ID",14,14,132895,132895,0.301336676360104,0.301336676360104,0.00010534632604687,0.420662929380338,"Metropolitan Statistical Area",0.652434207385481,0.49847678764693
29340,2,"Lake Charles, LA",11,11,132609,132609,0.407544296757813,0.407544296757813,8.295062929363e-05,0.611549743984194,"Metropolitan Statistical Area",0.548430373769889,0.434945513866545
27780,1,"Johnstown, PA",33,63,58240,132274,0.124608568961516,0.0435746963584888,0.00056662087912087,0.13788046025674,"Metropolitan Statistical Area",0.734703386108121,0.621243790031431
29940,1,"Lawrence, KS",4,13,107179,131286,0.795613352055964,0.537970083091479,3.732074380242e-05,0.725560988985878,"Metropolitan Statistical Area",0.581528162743131,0.577924943892948
43580,3,"Sioux City, IA-NE-SD",25,37,122813,131286,0.502277164451645,0.440983683580245,0.00020356151221776,0.652141127005164,"Metropolitan Statistical Area",0.633697907021393,0.507701993763944
13740,3,"Billings, MT",9,9,130748,130748,0.810458695152952,0.810458695152952,6.883470492856e-05,0.898254657815034,"Metropolitan Statistical Area",0.699823225523547,0.606424395942391
38340,1,"Pittsfield, MA",2,32,56521,128657,0.648098694333721,0.145479688299775,3.538507811255e-05,0.339204240733112,"Metropolitan Statistical Area",0.396533355075966,0.028449354217815
47580,2,"Warner Robins, GA",5,5,126420,126420,0.456720936414507,0.456720936414507,3.955070400253e-05,0.644249327638032,"Metropolitan Statistical Area",0.713404907895457,0.656704757188972
12220,2,"Auburn-Opelika, AL",8,8,126393,126393,0.455451776317036,0.455451776317036,6.329464448189e-05,0.621585056134438,"Metropolitan Statistical Area",0.622861254176198,0.5265255437739
25260,1,"Hanford-Corcoran, CA",4,4,122109,122109,0.326185633866579,0.326185633866579,3.275761819358e-05,0.479047408462931,"Metropolitan Statistical Area",0.740713838363325,0.582778428887188
11020,1,"Altoona, PA",9,24,63249,121660,0.492489721747207,0.157756888658072,0.00014229473983778,0.357759329278317,"Metropolitan Statistical Area",0.708916429101639,0.44482148849908
13900,3,"Bismarck, ND",11,51,106522,119814,0.538954719507179,0.428740680783164,0.00010326505322844,0.618775769108785,"Metropolitan Statistical Area",0.547993933165066,0.440800338217628
27060,1,"Ithaca, NY",7,16,46082,119534,0.494187220554474,0.138345670079819,0.00015190312920446,0.265280171332006,"Metropolitan Statistical Area",0.474479063012687,0.372064272997009
30620,1,"Lima, OH",9,21,52859,118661,0.487979358123494,0.137109324111811,0.0001702642880115,0.302272861344502,"Metropolitan Statistical Area",0.678325807545654,0.579613225393172
43100,1,"Sheboygan, WI",13,28,82297,117747,0.394672439641392,0.202065028709694,0.00015796444584857,0.424053266749896,"Metropolitan Statistical Area",0.70542128300382,0.501000584019795
15500,1,"Burlington, NC",9,9,115276,115276,0.319680834526804,0.319680834526804,7.807349318158e-05,0.510236302439363,"Metropolitan Statistical Area",0.699866117797151,0.570503384273887
39820,1,"Redding, CA",3,3,115271,115271,0.67533325143958,0.67533325143958,2.602562656695e-05,0.810802370067059,"Metropolitan Statistical Area",0.627832206170109,0.502480113321437
27180,4,"Jackson, TN",20,20,114921,114921,0.369406731027248,0.369406731027248,0.00017403259630528,0.592702813236919,"Metropolitan Statistical Area",0.668762519474146,0.542651848251807
34900,1,"Napa, CA",5,5,114356,114356,0.515875557612729,0.515875557612729,4.372311028717e-05,0.689233621322886,"Metropolitan Statistical Area",0.758541107954571,0.633766571671131
24780,1,"Greenville, NC",10,10,113870,113870,0.619947088689054,0.619947088689054,8.781944322473e-05,0.779204355844384,"Metropolitan Statistical Area",0.734555456436601,0.698777373195997
48700,1,"Williamsport, PA",10,52,50878,113605,0.330201017589751,0.0851643978838287,0.00019654860647038,0.242973460675146,"Metropolitan Statistical Area",0.707468825226225,0.307551261803013
39380,1,"Pueblo, CO",3,3,112881,112881,0.990942162643133,0.990942162643133,2.657666037685e-05,0.995455391075557,"Metropolitan Statistical Area",0.67709381881532,0.606807643439799
48260,3,"Weirton-Steubenville, WV-OH",26,40,65960,112787,0.17339055341992,0.0791167120242239,0.00039417828987265,0.166801138429074,"Metropolitan Statistical Area",0.628390425097938,0.471261885419121
36220,1,"Odessa, TX",2,2,112711,112711,0.995962438714335,0.995962438714335,1.774449698787e-05,0.997977127343383,"Metropolitan Statistical Area",0.693055927268798,0.565902378019314
30340,1,"Lewiston-Auburn, ME",2,14,60650,111034,0.521525131493188,0.177276604760613,3.297609233305e-05,0.32978186861682,"Metropolitan Statistical Area",0.660177232844242,0.385966537123654
25940,2,"Hilton Head Island-Bluffton-Port Royal, SC",6,6,108914,108914,0.246078595531667,0.246078595531667,5.508933654075e-05,0.349596929687643,"Metropolitan Statistical Area",0.645079196471209,0.510424099776135
27860,2,"Jonesboro, AR",18,18,108731,108731,0.541122095851269,0.541122095851269,0.00016554616438734,0.729543552436748,"Metropolitan Statistical Area",0.529206207802608,0.41364653789869
11180,2,"Ames, IA",23,23,107883,107883,0.401283351912013,0.401283351912013,0.00021319392304626,0.615704049757608,"Metropolitan Statistical Area",0.539992066813018,0.392239313384821
41140,4,"St. Joseph, MO-KS",29,47,88963,107532,0.652720299370985,0.450286157546181,0.00032597821566269,0.665866904735335,"Metropolitan Statistical Area",0.503490430050705,0.374962220138166
20020,3,"Dothan, AL",23,23,106704,106704,0.453121976394238,0.453121976394238,0.00021554955765482,0.66703216374269,"Metropolitan Statistical Area",0.457210171794221,0.315883987322788
39660,3,"Rapid City, SD",17,45,105185,105939,0.544295663849465,0.536577853791299,0.00016162000285211,0.719130820566552,"Metropolitan Statistical Area",0.701941928004222,0.594069288844056
30020,2,"Lawton, OK",14,14,105647,105647,0.745791588642182,0.745791588642182,0.00013251677757058,0.861879655834998,"Metropolitan Statistical Area",0.538859155437382,0.493272463431439
23900,1,"Gettysburg, PA",13,34,29408,104127,0.134036048480364,0.0420194917136197,0.00044205658324265,0.0754847445907402,"Metropolitan Statistical Area",NA,NA
31860,2,"Mankato, MN",16,52,84705,103605,0.3301078558247,0.222109205690711,0.00018889085650197,0.431378794459727,"Metropolitan Statistical Area",0.604221448419187,0.480069203681846
24220,2,"Grand Forks, ND-MN",24,123,84098,103366,0.508821002593027,0.337708432178034,0.00028538134081666,0.568668614438016,"Metropolitan Statistical Area",0.637918182511786,0.432129160124187
37460,2,"Panama City-Panama City Beach, FL",12,12,103226,103226,0.199461914543291,0.199461914543291,0.00011624978203165,0.329810319105652,"Metropolitan Statistical Area",0.706066561220244,0.587531830762715
13980,5,"Blacksburg-Christiansburg-Radford, VA",11,11,102993,102993,0.273936886470674,0.273936886470674,0.00010680337498665,0.436427718388628,"Metropolitan Statistical Area",0.573500652228768,0.437034012179183
13020,1,"Bay City, MI",4,18,38970,102826,0.702407561819758,0.147776506836604,0.00010264305876315,0.315134304553323,"Metropolitan Statistical Area",0.603876914098214,0.391185736908606
18880,2,"Crestview-Fort Walton Beach-Destin, FL",12,12,102418,102418,0.169606256918151,0.169606256918151,0.00011716690425511,0.2716319396981,"Metropolitan Statistical Area",0.631128411163404,0.503358753279863
27740,3,"Johnson City, TN",6,6,101393,101393,0.52165161467962,0.52165161467962,5.917568273943e-05,0.702987385716963,"Metropolitan Statistical Area",0.758761952874805,0.609721561868814
10540,1,"Albany, OR",13,13,101238,101238,0.363256300929966,0.363256300929966,0.00012841028072462,0.561330725616863,"Metropolitan Statistical Area",0.602894845383793,0.428697451566158
22540,1,"Fond du Lac, WI",11,32,64973,100795,0.494313642018661,0.213537852125112,0.00016930109430071,0.442432660350216,"Metropolitan Statistical Area",0.530899802444932,0.461197852862139
41660,2,"San Angelo, TX",2,2,100438,100438,0.98476509860863,0.98476509860863,1.991278201477e-05,0.992323622533304,"Metropolitan Statistical Area",0.635925825522838,0.500092161317833
26820,3,"Idaho Falls, ID",16,16,99397,99397,0.492307790701513,0.492307790701513,0.00016097065303781,0.673038421682747,"Metropolitan Statistical Area",0.667934937157805,0.548293761041016
16620,3,"Charleston, WV",19,19,97914,97914,0.282661453863203,0.282661453863203,0.00019404783789856,0.490409951590171,"Metropolitan Statistical Area",0.662780291119345,0.555513495536537
43300,1,"Sherman-Denison, TX",16,16,97461,97461,0.287432624739105,0.287432624739105,0.00016416823139512,0.460420065462082,"Metropolitan Statistical Area",0.73168450112478,0.673023896795757
14740,1,"Bremerton-Silverdale-Port Orchard, WA",4,4,96538,96538,0.316106477021104,0.316106477021104,4.143446104124e-05,0.457042822515486,"Metropolitan Statistical Area",0.593172804278472,0.43056750726995
49700,2,"Yuba City, CA",4,4,95272,95272,0.561454545863342,0.561454545863342,4.198505332101e-05,0.729868166932572,"Metropolitan Statistical Area",0.634426247233011,0.449885873869755
42140,1,"Santa Fe, NM",2,2,94347,94347,0.878054602678027,0.878054602678027,2.119834228963e-05,0.934772700774799,"Metropolitan Statistical Area",0.704220144210596,0.493282093563271
31340,5,"Lynchburg, VA",7,7,94291,94291,0.709420818514753,0.709420818514753,7.423826240044e-05,0.83792726771378,"Metropolitan Statistical Area",0.507879061067684,0.415420244947714
21300,1,"Elmira, NY",5,16,37454,94200,0.534062926948137,0.150867767680456,0.00013349708976344,0.279182590233546,"Metropolitan Statistical Area",0.379890620137079,0.195800802913501
45500,3,"Texarkana, TX-AR",18,18,93550,93550,0.257942923253199,0.257942923253199,0.00019241047568145,0.385002672367718,"Metropolitan Statistical Area",0.585564133385159,0.463627054015642
22380,1,"Flagstaff, AZ",5,5,89548,89548,0.74754809006702,0.74754809006702,5.58359762362e-05,0.859751194889891,"Metropolitan Statistical Area",0.555862485655197,0.402357269817547
33740,4,"Monroe, LA",19,19,89234,89234,0.319305647427512,0.319305647427512,0.00021292332518995,0.529887710962189,"Metropolitan Statistical Area",0.726115176878545,0.605627783017273
34820,1,"Myrtle Beach-Conway-North Myrtle Beach, SC",8,8,88288,88288,0.297201592021535,0.297201592021535,9.061254077564e-05,0.420215657847046,"Metropolitan Statistical Area",0.728064404479009,0.532816241459124
19460,2,"Decatur, AL",12,12,88003,88003,0.467238713423833,0.467238713423833,0.00013635898776178,0.656841244048498,"Metropolitan Statistical Area",0.699817264052534,0.578079813111455
10500,4,"Albany, GA",11,11,85417,85417,0.662123330674688,0.662123330674688,0.00012877998524883,0.808363674678343,"Metropolitan Statistical Area",0.553674961613297,0.357459194211101
27340,1,"Jacksonville, NC",5,5,84423,84423,0.750834180665543,0.750834180665543,5.922556649254e-05,0.86322447674212,"Metropolitan Statistical Area",0.722630988488443,0.555432664360245
33220,1,"Midland, MI",3,19,44491,84373,0.912393500967252,0.271327452381919,6.742936773729e-05,0.503383783911915,"Metropolitan Statistical Area",0.527735480932986,0.41788399501344
24300,1,"Grand Junction, CO",5,5,83912,83912,0.663761606493838,0.663761606493838,5.958623319668e-05,0.798026503956526,"Metropolitan Statistical Area",0.685287318185921,0.615418925772992
40580,2,"Rocky Mount, NC",18,18,83408,83408,0.442317402387434,0.442317402387434,0.00021580663725302,0.646904373681182,"Metropolitan Statistical Area",0.565172658912009,0.501562883979397
14540,4,"Bowling Green, KY",10,10,83226,83226,0.784402811145173,0.784402811145173,0.00012015475933001,0.883485929877682,"Metropolitan Statistical Area",0.793392424263569,0.688660749992025
22520,2,"Florence-Muscle Shoals, AL",13,13,81832,81832,0.305623401254684,0.305623401254684,0.00015886205885228,0.487987584319093,"Metropolitan Statistical Area",0.641234987062416,0.520501929485858
46300,2,"Twin Falls, ID",11,11,80982,80982,0.464209500152197,0.464209500152197,0.00013583265417006,0.65709663875923,"Metropolitan Statistical Area",0.612923561671434,0.495246379782949
20220,1,"Dubuque, IA",21,21,80123,80123,0.555889112378439,0.555889112378439,0.00026209702582279,0.737853050934189,"Metropolitan Statistical Area",0.662579964390765,0.580991465608144
43900,2,"Spartanburg, SC",17,17,79609,79609,0.261504207373209,0.261504207373209,0.00021354369480837,0.482370083784497,"Metropolitan Statistical Area",0.704281356963844,0.612368988169557
27620,4,"Jefferson City, MO",25,25,78419,78419,0.333564060309328,0.333564060309328,0.00031880029074586,0.545429041431286,"Metropolitan Statistical Area",0.715657345936443,0.534158665324842
43420,1,"Sierra Vista-Douglas, AZ",7,7,78394,78394,0.391893821194099,0.391893821194099,8.929254789907e-05,0.580133683700283,"Metropolitan Statistical Area",0.570670412644406,0.409795592243333
34580,1,"Mount Vernon-Anacortes, WA",8,8,77928,77928,0.300334216796594,0.300334216796594,0.00010265886459295,0.454316805256134,"Metropolitan Statistical Area",0.601909251970209,0.510078868190098
25180,3,"Hagerstown-Martinsburg, MD-WV",13,13,77234,77234,0.382178403523354,0.382178403523354,0.00016831965196675,0.563055131159852,"Metropolitan Statistical Area",0.608965629390279,0.489543046152533
33500,3,"Minot, ND",30,155,56840,76320,0.709022129478354,0.397768209629322,0.00052779732582688,0.626166142557652,"Metropolitan Statistical Area",0.568513366501941,0.444696688007702
33540,2,"Missoula, MT",3,3,76211,76211,0.964059199700067,0.964059199700067,3.936439621576e-05,0.981774284552099,"Metropolitan Statistical Area",0.684144395295247,0.624659031939234
38540,1,"Pocatello, ID",7,7,75849,75849,0.610521617496777,0.610521617496777,9.228862608603e-05,0.752706034357737,"Metropolitan Statistical Area",0.636284451884021,0.515727487947582
23460,1,"Gadsden, AL",11,11,73290,73290,0.264585714242895,0.264585714242895,0.00015008868877063,0.460758630099604,"Metropolitan Statistical Area",0.652861017273673,0.563394430553911
37860,2,"Pensacola-Ferry Pass-Brent, FL",5,5,72943,72943,0.570802386549806,0.570802386549806,6.854667342993e-05,0.735889667274447,"Metropolitan Statistical Area",0.555628000292888,0.399739242947477
25500,2,"Harrisonburg, VA",8,8,72923,72923,0.513527300094633,0.513527300094633,0.00010970475707252,0.705264457030018,"Metropolitan Statistical Area",0.589970057919818,0.456414718330106
36100,1,"Ocala, FL",5,5,72582,72582,0.786559915866155,0.786559915866155,6.888760298696e-05,0.88308396021052,"Metropolitan Statistical Area",0.612556756369195,0.503486347889507
20100,1,"Dover, DE",19,19,72346,72346,0.334738478872859,0.334738478872859,0.00026262682110966,0.538965526774113,"Metropolitan Statistical Area",0.653195116269727,0.510438008328661
10780,2,"Alexandria, LA",16,16,72333,72333,0.428186130887312,0.428186130887312,0.00022119917603306,0.619177968562067,"Metropolitan Statistical Area",0.696194405335428,0.580519376916902
14580,1,"Bozeman, MT",5,5,71535,71535,0.609574911602164,0.609574911602164,6.989585517578e-05,0.762410009086461,"Metropolitan Statistical Area",0.598820153350417,0.513814563225431
46660,3,"Valdosta, GA",8,8,69720,69720,0.643478251173697,0.643478251173697,0.00011474469305794,0.797002294893861,"Metropolitan Statistical Area",0.617990706249701,0.469774851392774
16220,1,"Casper, WY",6,6,69040,69040,0.729016346007957,0.729016346007957,8.690614136732e-05,0.849594438006952,"Metropolitan Statistical Area",0.716802685775157,0.593325575156259
22500,2,"Florence, SC",13,13,68217,68217,0.373234983328263,0.373234983328263,0.00019056833340662,0.585748420481698,"Metropolitan Statistical Area",0.648178418089226,0.590075322567146
24260,3,"Grand Island, NE",17,27,63403,67396,0.685979810254446,0.607594622938296,0.00026812611390628,0.776529764377708,"Metropolitan Statistical Area",0.676966576173759,0.569560129363312
18700,1,"Corvallis, OR",4,4,67148,67148,0.802136720107842,0.802136720107842,5.956990528385e-05,0.891523202478108,"Metropolitan Statistical Area",0.567423866501064,0.467904704308513
21060,2,"Elizabethtown, KY",7,7,67127,67127,0.355892959771233,0.355892959771233,0.00010427994696619,0.475680426653954,"Metropolitan Statistical Area",0.620946624237298,0.491862849872992
47020,2,"Victoria, TX",2,2,67001,67001,0.952698115950048,0.952698115950048,2.985030074178e-05,0.975761555797675,"Metropolitan Statistical Area",0.524621834797763,0.436239015993806
16940,1,"Cheyenne, WY",4,4,66746,66746,0.950192618250796,0.950192618250796,5.992868486501e-05,0.974605219788452,"Metropolitan Statistical Area",0.690298184628365,0.571224556377625
11500,1,"Anniston-Oxford, AL",7,7,66696,66696,0.25911602853003,0.25911602853003,0.00010495382031906,0.334532805565551,"Metropolitan Statistical Area",0.768238791519253,0.626453145999716
25620,3,"Hattiesburg, MS",8,8,66100,66100,0.539940310490913,0.539940310490913,0.00012102874432677,0.712072617246596,"Metropolitan Statistical Area",0.678692810021897,0.502158436981263
48300,2,"Wenatchee-East Wenatchee, WA",10,10,65956,65956,0.345041905276565,0.345041905276565,0.00015161622900115,0.53679725877858,"Metropolitan Statistical Area",0.724211175099528,0.526691359635568
36980,2,"Owensboro, KY",6,6,63368,63368,0.897521981044636,0.897521981044636,9.468501451836e-05,0.947023734376973,"Metropolitan Statistical Area",0.667858004050008,0.572720898949954
23580,1,"Gainesville, GA",6,6,63264,63264,0.506344589414266,0.506344589414266,9.48406676783e-05,0.686282878098128,"Metropolitan Statistical Area",0.667140267808316,0.592913028842808
31020,1,"Longview-Kelso, WA",5,5,62542,62542,0.421899495786601,0.421899495786601,7.994627610245e-05,0.604777589459883,"Metropolitan Statistical Area",0.698069879999295,0.533418717888072
24500,1,"Great Falls, MT",4,4,61566,61566,0.962743096789301,0.962743096789301,6.497092551083e-05,0.981109703407725,"Metropolitan Statistical Area",0.759202970904381,0.587176432958436
16020,3,"Cape Girardeau, MO-IL",19,19,61484,61484,0.484595043423657,0.484595043423657,0.00030902348578492,0.647648168629237,"Metropolitan Statistical Area",0.714839961911002,0.605912938287526
43640,1,"Slidell-Mandeville-Covington, LA",8,8,60631,60631,0.310437664139055,0.310437664139055,0.00013194570434266,0.472662499381505,"Metropolitan Statistical Area",NA,NA
22140,1,"Farmington, NM",4,4,60535,60535,0.613360617831221,0.613360617831221,6.607747584042e-05,0.766862145866028,"Metropolitan Statistical Area",0.635086461477015,0.519295006960934
16180,1,"Carson City, NV",1,1,58993,58993,1,1,1.695116369738e-05,1,"Metropolitan Statistical Area",NA,NA
38240,1,"Pinehurst-Southern Pines, NC",11,11,56832,56832,0.217403832005173,0.217403832005173,0.00019355292792792,0.317057291666667,"Metropolitan Statistical Area",0.71975681126435,0.619910357535001
21420,1,"Enid, OK",14,14,55952,55952,0.818044970339584,0.818044970339584,0.00025021446954532,0.903738919073492,"Metropolitan Statistical Area",0.529960822928217,0.400965183912343
41540,2,"Salisbury, MD",10,10,53089,53089,0.409743363663232,0.409743363663232,0.00018836293770837,0.620279153873684,"Metropolitan Statistical Area",0.658786548422614,0.596859696963137
26380,2,"Houma-Bayou Cane-Thibodaux, LA",4,4,52499,52499,0.483149873652094,0.483149873652094,7.619192746528e-05,0.628926265262195,"Metropolitan Statistical Area",0.7175700830691,0.515110662961407
42680,1,"Sebastian-Vero Beach-West Vero Corridor, FL",5,5,52186,52186,0.360958202228597,0.360958202228597,9.581113708657e-05,0.492526731307247,"Metropolitan Statistical Area",0.674615761105204,0.508416457926219
17420,2,"Cleveland, TN",5,5,51069,51069,0.882990889350683,0.882990889350683,9.790675360786e-05,0.939023673853022,"Metropolitan Statistical Area",0.693067163977595,0.549046325071163
44420,3,"Staunton-Stuarts Draft, VA",3,3,49114,49114,0.484127391529468,0.484127391529468,6.108237976951e-05,0.522478315755182,"Metropolitan Statistical Area",0.340615242483311,0.326764293573169
34100,2,"Morristown, TN",6,6,46899,46899,0.470858150773857,0.470858150773857,0.00012793449753726,0.65624000511738,"Metropolitan Statistical Area",0.808980665482998,0.735166398246918
16820,3,"Charlottesville, VA",3,3,46550,46550,0.962818395382349,0.962818395382349,6.444683136412e-05,0.981138560687433,"Metropolitan Statistical Area",0.507439311282565,0.407695933848371
25980,2,"Hinesville, GA",8,8,45608,45608,0.614562688389956,0.614562688389956,0.00017540782318891,0.776618137168918,"Metropolitan Statistical Area",0.625203838570537,0.479825562469784
47460,1,"Walla Walla, WA",4,4,45393,45393,0.606809737009823,0.606809737009823,8.811931355054e-05,0.747405987707356,"Metropolitan Statistical Area",0.713389768009725,0.587741653741127
30300,2,"Lewiston, ID-WA",6,6,44610,44610,0.623798654316638,0.623798654316638,0.00013449899125756,0.772181125308227,"Metropolitan Statistical Area",0.591208535836311,0.434003597928835
37620,2,"Parkersburg-Vienna, WV",5,5,44494,44494,0.498285034854362,0.498285034854362,0.00011237470220703,0.660830673798714,"Metropolitan Statistical Area",0.683528599152939,0.537810924945068
44940,1,"Sumter, SC",3,3,44027,44027,0.953111977336372,0.953111977336372,6.814000499693e-05,0.976128284916074,"Metropolitan Statistical Area",0.713747632035468,0.608675496896536
19140,2,"Dalton, GA",6,6,43841,43841,0.627206799651665,0.627206799651665,0.00013685819210328,0.782030519376839,"Metropolitan Statistical Area",0.765747000661214,0.686804070883135
34060,2,"Morgantown, WV",15,15,43810,43810,0.462910009455972,0.462910009455972,0.00034238758274366,0.666948185345811,"Metropolitan Statistical Area",0.68452222021872,0.564111782934814
24420,1,"Grants Pass, OR",2,2,41435,41435,0.905032581806467,0.905032581806467,4.826837214914e-05,0.950018100639556,"Metropolitan Statistical Area",0.558728720753423,0.510255649267881
24140,1,"Goldsboro, NC",7,7,40038,40038,0.681166446498934,0.681166446498934,0.0001748339077876,0.817947949448024,"Metropolitan Statistical Area",0.697991404502303,0.639788216338744
26300,1,"Hot Springs, AR",4,4,39270,39270,0.942363153007111,0.942363153007111,0.00010185892538833,0.970562770562771,"Metropolitan Statistical Area",0.579477139543718,0.50574063442914
25740,3,"Helena, MT",5,5,39244,39244,0.718775927355009,0.718775927355009,0.00012740801141575,0.84395066761798,"Metropolitan Statistical Area",0.571486833958545,0.436176504260419
40660,1,"Rome, GA",2,2,38938,38938,0.940648745219002,0.940648745219002,5.136370640505e-05,0.969387230982588,"Metropolitan Statistical Area",0.720319812645118,0.616279590167133
37140,5,"Paducah, KY-IL",15,15,38396,38396,0.494625502550168,0.494625502550168,0.00039066569434316,0.684394207729972,"Metropolitan Statistical Area",0.674618975277777,0.550616058963897
25220,1,"Hammond, LA",8,8,37535,37535,0.344482369982501,0.344482369982501,0.00021313440788597,0.532196616491275,"Metropolitan Statistical Area",0.59143325007583,0.486519731248218
13220,2,"Beckley, WV",14,14,36044,36044,0.28558612212221,0.28558612212221,0.00038841416047053,0.472311619132172,"Metropolitan Statistical Area",0.682879092664561,0.579102194596469
34940,1,"Naples-Marco Island, FL",3,3,35708,35708,0.494421759800241,0.494421759800241,8.401478660244e-05,0.542511482020836,"Metropolitan Statistical Area",0.632714636416709,0.388911746557059
21820,1,"Fairbanks-College, AK",2,2,34987,34987,0.877910840406398,0.877910840406398,5.716408951896e-05,0.934690027724583,"Metropolitan Statistical Area",0.568501750562949,0.44701067359487
49020,3,"Winchester, VA-WV",5,5,33730,33730,0.704003553093228,0.704003553093228,0.00014823599169878,0.8341535724874,"Metropolitan Statistical Area",0.557293088430641,0.389372193855013
20580,1,"Eagle Pass, TX",1,1,28596,28596,1,1,3.496992586375e-05,1,"Metropolitan Statistical Area",0.649011265888113,0.494031533444171
42700,1,"Sebring, FL",3,3,23350,23350,0.41378201743325,0.41378201743325,0.00012847965738758,0.474817987152034,"Metropolitan Statistical Area",0.746221945052443,0.602216916247776
48680,1,"Wildwood-The Villages, FL",5,5,21969,21969,0.589842606356043,0.589842606356043,0.00022759342710182,0.752879056852838,"Metropolitan Statistical Area",0.778629392281513,0.571886527407111
39460,1,"Punta Gorda, FL",1,1,19981,19981,1,1,5.00475451679e-05,1,"Metropolitan Statistical Area",0.656908409688909,0.510609590267283
15260,3,"Brunswick-St. Simons, GA",4,4,17633,17633,0.699692375939795,0.699692375939795,0.00022684738841944,0.829637611297,"Metropolitan Statistical Area",0.554881840017129,0.419150962132885
30500,2,"Lexington Park, MD",3,3,13345,13345,0.385313002864719,0.385313002864719,0.00022480329711502,0.482278006744099,"Metropolitan Statistical Area",0.503682141156922,0.464869761996179
26140,1,"Homosassa Springs, FL",2,2,11026,11026,0.57331122661148,0.57331122661148,0.00018138944313441,0.691456557228369,"Metropolitan Statistical Area",0.6572229619124,0.480696920290058
