"GEOID","share_bach_or_higher","num_unis","creative","tech"
"10100",0.311656744284356,2,34,6
"10140",0.160952912711707,1,23.504504505,0
"10180",0.243872020834671,3,59.619600007,26.966274091
"10220",0.288162181730421,2,8.990082648,5.993388432
"10300",0.210591636491064,2,22.25978391,0.72874494
"10380",0.210852531867618,4,0,0
"10420",0.321277455426273,7,218.892989569,265.478407501
"10460",0.188745233421332,1,9,7.861702129
"10500",0.206860223716419,2,35,14.97
"10540",0.195116447012096,1,33.861603776,13.778589218
"10580",0.386238673065105,22,362.564529926,586.02327385
"10620",0.176322013271796,2,12.1985816,3
"10660",0.170375808745928,0,7.1533386,0.01327434
"10700",0.20674108392152,1,19.804165786,7.748823128
"10740",0.330053124209461,4,271.100178896,412
"10760",0.171934840066886,1,10.977831182,2.980188678
"10780",0.198726437139741,3,29.994001714,8.997429306
"10820",0.271617685017884,1,28.0460125,6.0276075
"10860",0.146526366861752,0,5,0
"10900",0.306294746407949,14,277.14712061,218.450258193
"10940",0.16520845878644,1,7,0.00504201
"10980",0.179527186761229,1,12,0
"11020",0.222680646075375,2,40.952930366,22
"11060",0.22245153220763,2,6,3
"11100",0.239847368267746,2,86.005279036,38
"11140",0.187432867883996,2,5,0
"11180",0.449055152870142,1,50.056330468,71.01694916
"11220",0.186558652355745,1,14.874399025,4.495733125
"11260",0.326688151947978,3,217,151
"11380",0.149305555555556,0,0,0
"11420",0.224582637729549,2,16,3
"11460",0.567220609077396,4,159.69184186,395.557804408
"11500",0.18855977813517,1,11.78217822,6
"11540",0.299921347131648,2,102.209718463,56.032724968
"11580",0.12155309619869,0,0,3.997060264
"11620",0.190233198959024,1,23,4
"11640",0.236495419408023,4,0,0
"11660",0.251726254411539,2,2.963585433,0
"11700",0.365047209695603,6,240.92639094,180.973574398
"11740",0.219874453536599,2,14.624548842,0
"11780",0.149303222413743,0,27.008168296,5
"11820",0.239696237487056,2,27,8
"11860",0.207944154950349,1,6.976510065,0
"11900",0.318058575608708,3,8,10
"11940",0.169822782135594,2,9.244514,0
"11980",0.183151067720012,1,24.039677016,2.991964287
"12020",0.401489242631513,3,84.640780584,59.979862499
"12060",0.395058884046972,36,2634.470327895,5428.617876605
"12100",0.287787798638512,2,94.056748993,54.1212939
"12120",0.125004863245536,0,0.02519688,2.94
"12140",0.180014368307619,0,13.972671108,4.98245614
"12180",0.219736747464576,3,30.004890227,4.031001868
"12220",0.364285354679555,2,28.104101716,35.39643599
"12260",0.266567132136967,6,142,118
"12300",0.293280498160204,3,34,25
"12380",0.225574284009547,1,10.09456731,2.986725663
"12420",0.459784491380952,10,1060.23723246,2887.446779646
"12460",0.140399368231047,0,4.048,0
"12540",0.171227775969638,4,147.700781678,114.872340424
"12580",0.410104979445772,28,1015.11070952,2964.180602928
"12620",0.28578814709494,4,56.06976744,23
"12660",0.237724136391041,0,49.653980664,0
"12680",0.193125657622039,0,14,4
"12700",0.450145940686822,3,207.705521476,47.83640082
"12740",0.436975595723258,5,35.97571962,9.969594595
"12780",0.288240944792903,1,17.537980761,13.710178168
"12860",0.218812719139161,2,22.905989279,3
"12900",0.15829205626043,2,7,5
"12940",0.288029487583753,10,221.412268829,198.04023579
"12980",0.214570552147239,2,42.647792332,14.886293668
"13020",0.196699846349122,1,27.311627579,7.232962391
"13060",0.19529402000249,0,11,0
"13100",0.207492223178238,0,7,3
"13140",0.183906517700779,4,66.98156682,17
"13180",0.179949150946357,0,35.110085432,0.065779
"13220",0.181629132499941,5,32,6
"13260",0.187824035267455,0,10,6
"13300",0.107846666066769,1,3.013179792,0
"13340",0.170613236187007,0,18.01941744,0
"13380",0.352825677534828,4,115.821485795,107.685670255
"13420",0.299292354655196,4,29.36530323,5.873060646
"13460",0.371763044129607,2,139.905699329,136.97080292
"13500",0.0768170492498542,0,0,0
"13540",0.374769109844763,1,29.140845,0
"13620",0.196736846442256,0,19,0
"13660",0.229213646613807,1,12.011942436,0
"13700",0.133812484858273,2,5,3
"13720",0.153214638971316,0,2.735294118,0
"13740",0.323849312108334,3,186,41
"13780",0.282237888068623,3,65.800068738,44
"13820",0.323099046843003,10,309.022674028,357.858134464
"13900",0.339769794687921,3,67,43
"13940",0.204878048780488,0,6.04545456,0.03977274
"13980",0.358534676709381,4,39.960596476,71
"14010",0.445762937848803,3,62,65
"14020",0.407088189336863,1,56.007945666,53.968047564
"14100",0.263398727186662,1,25.919576805,17.381289387
"14140",0.177459276633794,5,40.02112675,0
"14160",0.187151719062139,0,0,0
"14180",0.155888460397508,1,6,0
"14220",0.117933630698175,0,9.918598162,0
"14260",0.332098905989629,5,291.70527503,376.793857365
"14300",0.179361079499268,0,3,0
"14380",0.427312505737279,2,37.934580557,15
"14420",0.153994983876747,1,3,0
"14460",0.48945807107255,77,2486.040925364,5028.357395348
"14500",0.629723178740424,4,288.766496469,863.947352602
"14540",0.271110476224488,2,39.05415207,14
"14580",0.51568358609883,1,172.280362275,132.97477228
"14620",0.189547181435466,1,11.936842104,4
"14660",0.258070683746856,2,53.076719455,8
"14700",0.211944308113554,1,113.118844862,3.885220124
"14720",0.535817104149026,0,49,42
"14740",0.344018207536133,1,92,110
"14780",0.28089363686464,2,15.924273152,2.985801216
"14820",0.338312087236984,1,22.6683258,6.01108032
"14860",0.489144836638537,8,616,627
"15020",0.157530442213202,0,5.986425342,3.990950228
"15060",0.234800726573352,0,11,0
"15100",0.422482883074147,2,26.978773572,8.992924524
"15140",0.114264499628744,0,0.002995293,0
"15180",0.181524295852516,1,56,17
"15220",0.201047080403546,1,11,0
"15260",0.245215795619742,1,38.1131222,7
"15340",0.153301565690946,0,9.09459968,0
"15380",0.333176042375936,16,453.070853384,340.882530119
"15420",0.167538309622207,0,11.01140684,8
"15460",0.194749168001972,1,17,3
"15500",0.253382038265603,2,47.758856119,19.867065732
"15540",0.461547807890918,3,115.0405404,160.0304053
"15580",0.275424261470773,2,42.06197886,11.013587055
"15620",0.184867233060004,0,20.884615386,5
"15660",0.158938857748043,0,5.16624656,2.990420436
"15680",0.320465270854104,0,20.964426876,137.836627139
"15700",0.198745674740484,0,13,3
"15740",0.15078173629673,0,4,0
"15780",0.129405940594059,1,6,0
"15820",0.196381698501797,1,8.974038465,0
"15860",0.184857739913197,0,20,3
"15940",0.227760577177465,7,113.671367984,67.864649876
"15980",0.284827033290971,5,335.89585783,204.357440896
"16020",0.276160145586897,3,30.0337554,17
"16060",0.284207659203574,2,47.6753145,14
"16100",0.171697760696079,1,14,3
"16140",0.234247967479675,0,4,0
"16180",0.228563537298817,1,45.266147184,36.829452488
"16220",0.235192723805332,1,45,18
"16260",0.288711890498979,2,23.99202218,17.004843095
"16300",0.316496115319365,5,85.6775,70.982
"16340",0.127425312914679,0,7.808849556,0
"16380",0.19364822047012,1,9,0
"16420",0.130772769089236,0,0,0
"16460",0.162135329158393,0,14.878274272,0
"16500",0.190840776974337,1,12.90160878,9.86011478
"16540",0.222310257780398,3,43.806921208,34
"16580",0.437243097673239,4,91,115
"16620",0.222785658795109,6,65.35018516,23
"16660",0.247214605103881,2,16.01162792,0
"16700",0.365238844914797,7,357.827906976,333
"16740",0.358611481217383,22,1147.795032556,1223.356895619
"16820",0.503243980986574,2,120.461272715,175.01797752
"16860",0.28249824142346,5,156.949254861,111.994630872
"16940",0.302204468116585,1,40,116
"16980",0.39013615079195,88,3847.68655449,6546.6732533
"17020",0.283183357854039,3,66.993775933,34
"17060",0.161615235019998,2,18.33697558,0
"17140",0.345438886435005,26,684.942937853,887.495278722
"17220",0.21682678659475,1,34.053305,19.0554372
"17260",0.177326801959412,1,8.985904461,0
"17300",0.259768659416434,2,46.980433264,60.98602376
"17340",0.167161481863947,0,7,0
"17380",0.253846531976601,1,9.98388405,0
"17420",0.219121597944165,4,34,9
"17460",0.318872038360546,0,731.94474899,874.37140273
"17500",0.0822072072072072,0,5.24917851,0
"17540",0.19287089969735,0,12.01877936,0
"17580",0.202195641487793,2,8,15
"17620",0.209782220635487,0,0,0
"17640",0.175428541655812,0,0,0
"17660",0.266273346009632,1,101,56
"17700",0.201895344046148,0,5,0
"17740",0.150001661515967,0,12.908536585,3
"17780",0.378253571306225,2,79.25155524,75
"17820",0.385844331669394,5,320.01792115,684.434180518
"17860",0.443484673743341,6,72.247676455,62.387371928
"17900",0.329742804189412,6,219.857326246,251.898196656
"17980",0.251357356139118,3,77.634316205,72.023697393
"18020",0.339487559293939,0,23.96319876,28.29592047
"18060",0.239572192513369,1,23.01678059,8.01678059
"18100",0.233809502076583,0,10.703148423,2.919040479
"18140",0.373241946616278,21,695.938986996,1115.625001762
"18180",0.357815669312488,7,60.543684566,38.0109718
"18220",0.147785692164757,0,7.01087311,0
"18260",0.218188068542416,2,20.923494136,9.00432432
"18300",0.199122314427737,1,18,0
"18380",0.136635638297872,0,0,0
"18420",0.178691735213474,0,9,0
"18460",0.210709821722255,2,9.839644065,0.0087294
"18500",0.246283594830885,1,26.884460178,3.957244656
"18580",0.207892640655529,2,101.60540301,47
"18620",0.169843589663858,1,13.01541424,3
"18660",0.26905485260241,1,25.061702283,7.947063688
"18700",0.532697305186715,1,35.150766829,71.221410486
"18740",0.148856614318888,0,13.0323834,0
"18780",0.214682224991503,0,12,3
"18820",0.207802608496682,1,12,0
"18860",0.153900637458262,0,3,0
"18880",0.316012872298383,3,133.013440855,184.004480285
"18900",0.175031586285017,1,9.03783785,3.03027028
"18980",0.154156049858825,1,13.880477372,4.2308804
"19000",0.264144954371115,0,45.38018236,6
"19060",0.188561434951653,4,10,12.652605456
"19100",0.359809963707255,41,2337.477786885,5838.088021993
"19140",0.147671151226158,1,27.00794786,11.00907557
"19180",0.155319798504045,2,25.966666667,3
"19220",0.197798640336679,1,15.992125984,0
"19260",0.164469921843087,2,20.800000001,5
"19300",0.319073301492,2,86,19.02333334
"19340",0.274975907484741,6,137.97648903,67
"19420",0.166080569775206,0,4.99381188,2.996287128
"19430",0.298880512593102,19,216.050841051,429.891145358
"19460",0.200999198755715,0,18,14
"19500",0.235788891194577,2,41,4
"19540",0.149528324024968,0,7.0423729,0.0423729
"19580",0.184473511594706,1,6.945406847,3.960546284
"19620",0.191203688124642,0,7,3
"19660",0.24647087852836,6,252.152865497,151.00595578
"19700",0.13056974713833,0,7,0
"19740",0.447174195144264,20,1383.795394513,3202.013174694
"19760",0.182811187132397,0,2.840317101,0
"19780",0.371372630828672,8,263.938502718,379.007762446
"19820",0.322455493235984,23,1266.601130828,1943.366100003
"19860",0.245539996163438,1,14.75476839,0
"19940",0.187130768002555,1,10.883831068,2.954186658
"19980",0.170206445863657,1,10,0
"20020",0.201185370789765,1,32.617914624,10.880213968
"20060",0.121785353685336,1,6,0
"20100",0.245176219887792,4,108.160537587,223.084611925
"20140",0.15395779579801,0,4.99229584,0
"20180",0.167762381578504,2,14,7.02105263
"20220",0.313736617687659,6,47.468354432,19
"20260",0.284412169027554,6,157,30
"20300",0.142373700749335,0,5,0
"20340",0.184276896528838,1,10,0
"20420",0.440295730270176,1,52.931219495,29.960487795
"20460",0.226389459382603,1,6,10
"20500",0.464375672222171,6,248.698654607,670.852119349
"20540",0.18581684051878,2,6,0
"20580",0.156591911986943,0,5,0
"20660",0.397118093947284,0,30,9
"20700",0.258157316338394,1,43.324047721,26.955307264
"20740",0.287146796547649,2,76.862068965,41
"20780",0.504867621304213,0,73.571928736,33.723885448
"20820",0.231943853679285,0,17,3
"20900",0.187713945527608,1,10.051502,0
"20940",0.153824567755952,2,19.632530119,3
"20980",0.2120572720422,1,8.00603621,0
"21020",0.222816351629548,3,7.066335,11
"21060",0.206798507025189,1,20,25
"21120",0.166655179543731,0,0,0
"21140",0.195460054927352,2,53.439005596,29.2069732
"21180",0.157276995305164,2,12,3
"21220",0.166695146958305,1,22.01456311,0
"21260",0.340636140241581,1,23,10
"21300",0.23553412462908,3,26.3802632,7.0427552
"21340",0.23942738942159,4,167,147
"21380",0.26874252598657,2,8,0
"21420",0.233474743488556,1,17,6
"21460",0.217275155832591,1,7.716856632,3.866004076
"21500",0.287121527444263,4,94.528867882,46
"21540",0.192357218603242,1,14,3
"21580",0.184615384615385,1,4.50209205,3.751743375
"21640",0.115999795595074,0,6.961447682,0
"21660",0.318861643951189,4,162.957925892,153.955445542
"21700",0.30895618556701,3,50,18
"21740",0.191018101275491,0,0,3
"21780",0.265213354659607,2,95.999236436,68.0038511
"21820",0.323277817380598,2,71,32
"21840",0.364944705347675,0,10,29
"21860",0.216973749733229,0,15,0
"21900",0.230715541309068,2,24.853411525,25.847547986
"21980",0.187481424240623,0,12.131148,12
"22020",0.391006535947712,3,134.753548213,111.742921224
"22060",0.284996342873322,2,28.403562239,10.554738562
"22100",0.139843700362158,1,9.938602796,4.95962315
"22140",0.15417325343431,1,23,7
"22180",0.239023416107159,5,82.747302014,100.816843282
"22220",0.332318401900907,5,165,201
"22260",0.258980203959208,1,28.354327846,6
"22280",0.138603543248474,0,28.592607336,6.170547512
"22300",0.275766818207976,2,25.185584341,10
"22340",0.10972063100379,0,2.960000001,0
"22380",0.376283891168726,3,103.73009859,31.50326682
"22420",0.214847641868222,3,99.184040416,52.137345354
"22500",0.22001287001287,3,42.562972866,12
"22520",0.221574937479402,3,31,19
"22540",0.238785176929507,3,33.57225699,8.0108548
"22580",0.19202973792416,1,16.984347195,4.006718154
"22620",0.108653256811723,1,3,0
"22660",0.476923739396288,1,226.696744154,307.288814555
"22700",0.21071283095723,1,14,0
"22780",0.277486732888828,1,3,15
"22800",0.189178854793997,0,13,0
"22820",0.172603330279679,1,6,0
"22840",0.139796298596448,0,4.97824195,0
"22860",0.178276505061268,0,0.1596828,16
"22900",0.195196869070209,2,53,29
"23060",0.283557808998384,5,137.952088069,110.830056656
"23140",0.146369084131553,0,3.977452084,0
"23180",0.28301813142846,1,17.244660808,44.752773384
"23240",0.34146964203646,0,18.94772386,4.994422508
"23300",0.208479007212826,1,17.017989372,4
"23340",0.197477092492912,1,13.829022984,0
"23380",0.164532619279455,2,18.396522906,2.998113207
"23420",0.220338927564177,13,168.631229376,115.987283825
"23460",0.176968471214052,1,13.98039216,2.99264706
"23500",0.143826252934045,1,15.030326035,0.004022525
"23540",0.377900237621467,6,113.871852364,139
"23580",0.239855916940354,2,59.485633764,55.941950203
"23620",0.217653907728133,1,7.01724603,0.003117692
"23660",0.191973627633653,2,15.962962961,0
"23700",0.115483492693487,2,6,0
"23780",0.176290003784852,1,11.01360531,0
"23820",0.318538967933744,0,44.986842105,40
"23860",0.297171130472195,0,54.566447855,13.76218787
"23900",0.225947380791085,2,41.421650212,19.988213664
"23940",0.199905751630745,0,26,5
"23980",0.156319978416296,0,16.91794872,4
"24020",0.264217001152657,4,93.54879136,9
"24060",0.395035421222827,0,105.229500205,40.181793094
"24100",0.182154978108241,0,22.530136661,5.48099302
"24140",0.198160372779342,2,20.562875922,3.997492164
"24180",0.292604871759451,0,28.386455895,7.023224514
"24220",0.332065502808855,2,55.238958574,14
"24260",0.207729468599034,1,23,9
"24300",0.273957519692079,1,61,39
"24330",0.246390084562078,0,20.96031746,4
"24340",0.337381941283569,15,351.253059882,366.515373911
"24380",0.173134983806335,0,4,0
"24420",0.181223922114047,1,22.694157864,11.883627585
"24460",0.21312394840157,1,8,0
"24500",0.273208359494125,2,80.89361702,18
"24540",0.275890966831334,2,86.723444424,120.316480267
"24580",0.279427454176645,4,144.169262337,65.890743084
"24620",0.160580440127121,1,7.988679245,0
"24660",0.299919487788981,9,254.512929756,248.067254147
"24700",0.195382379248658,0,7.02640845,0
"24740",0.204635559621836,0,7,4
"24780",0.32090236484953,2,54.783700875,23.994435616
"24820",0.154090909090909,0,15,0
"24860",0.309374781822285,9,287.9881922,294.310297792
"24900",0.175359961921384,1,9.02205882,0
"24940",0.240966862896012,3,15,3
"24980",0.1983808469416,0,6,0
"25020",0.203499762244413,2,0,0
"25060",0.232039217495944,1,97.0182932,88
"25100",0.264263778891224,1,3,0
"25180",0.222994219999401,3,71.0909558,50.68076892
"25200",0.385112508078256,0,43,15
"25220",0.219525875390621,1,25.793006182,10.981105667
"25260",0.150385906398991,1,15.044326,15
"25300",0.221808610641098,1,18,0
"25420",0.334164222509136,7,184.252100718,261.646413885
"25460",0.174680290872618,1,7.989789408,3.994894704
"25500",0.297382085677196,3,40.899371068,10
"25540",0.395551859083505,18,509.161849496,405.90543735
"25580",0.25594391881955,1,16.807589886,2.966045274
"25620",0.270574250182882,2,46.182573909,23.849919529
"25700",0.380011261261261,1,8.960784312,6
"25720",0.509299895506792,0,95.07941464,71.161561136
"25740",0.413746630727763,2,76.997212898,49.006020795
"25760",0.154941373534338,0,3,0
"25780",0.175238600212089,1,9.913026462,7.857923496
"25820",0.120025556772545,0,0,0
"25840",0.164555000860733,1,16,3
"25860",0.18933057586349,4,95.896162069,48.640112161
"25880",0.18933817671988,1,8.0914634,3
"25900",0.295162703988648,2,56,30
"25940",0.393060116190957,2,122,62
"25980",0.181229773462783,0,10,13
"26020",0.145857504794829,2,10,0
"26090",0.235546414507512,0,31.598710104,18.730482692
"26140",0.188957003339957,1,23,12
"26220",0.347232704402516,0,21.275,12
"26260",0.148557764160813,0,0.0527343,0
"26300",0.227926249339526,2,54.874136029,13.97124958
"26340",0.338079383159555,2,8,3
"26380",0.16317742290202,2,57.95731708,16.97865854
"26420",0.335902697977602,33,1784.493095956,3577.01419879
"26460",0.336724647193961,1,57.591244272,7.0849515
"26500",0.178215704246868,1,12,7
"26540",0.209983613764438,1,14.881250073,6.210612326
"26580",0.209938650795865,10,84.640260401,18
"26620",0.398181080743791,7,136,443
"26660",0.190176430284344,1,13.869306932,0
"26700",0.232207566313959,0,10,0
"26740",0.199591770463665,1,15,13
"26780",0.173009544520962,0,12.93548387,5.961290322
"26820",0.295191580259,1,46,52
"26860",0.25,2,12.0834492,4
"26900",0.356014454511985,11,800.768747287,1076.885742168
"26940",0.164787111622555,0,0.0302115,0
"26980",0.496567527661125,1,62.2480378,70.018
"27020",0.239303482587065,0,10,0
"27060",0.530791153480775,3,52.020107822,71.985368362
"27100",0.225249295812917,2,38.081463914,15.186006982
"27140",0.310765368113779,11,136.973843465,110
"27160",0.148310977524561,0,7.008298756,0
"27180",0.218856481134355,5,40.986366147,2.99789916
"27220",0.508440295604823,0,112,46
"27260",0.321011407738445,9,582.539274892,706.888508156
"27300",0.200849381269679,1,13,3
"27340",0.235768999699609,1,45.826584052,36
"27380",0.174343257443082,2,4.226475744,3.362068965
"27420",0.24120951522297,1,10.01843316,0
"27460",0.230633271061493,3,39,3
"27500",0.235168975868317,2,62.615125224,16
"27530",0.134192247367242,0,8,0
"27540",0.232037440833909,0,18.0375,3
"27580",0.204285714285714,0,0,0
"27600",0.234624910792998,0,20.015154432,25.102208241
"27620",0.288849479051208,4,30.752322756,39.6126274
"27660",0.184429761562769,0,5.914247502,0
"27700",0.125979565519294,0,0,0
"27740",0.267762584855314,3,52.0640395,27
"27780",0.219717176849147,6,39.21831238,28.18052179
"27860",0.241785722555399,1,23.01411215,15.9971607
"27900",0.223310266057511,6,48,9
"27940",0.387888707037643,1,29,13
"27980",0.283175654102741,1,135,43
"28020",0.397601659002795,4,83.952248869,58.989421771
"28060",0.31999229000592,1,114.528169009,39.767605633
"28100",0.205829029776948,2,26.88307586,6
"28140",0.374567623570309,24,717.644936676,1082.12609504
"28180",0.285362113477105,1,53,8
"28260",0.328277325381351,1,31,12
"28300",0.337056823700826,3,39,7
"28340",0.154152303353181,0,4.086476796,0.0300752
"28380",0.138626914106074,0,3,0
"28420",0.278713911329622,2,85.861204954,68
"28500",0.281845034020782,1,20.984105964,13.987637972
"28540",0.254592363261094,0,21,0
"28580",0.352695758356936,1,142.00858368,23
"28620",0.383467112192642,0,51,10
"28660",0.235229716240246,4,88,76.915422887
"28700",0.221838028106417,4,81.00610473,11
"28740",0.33154281160442,3,130.209866593,51.219178
"28780",0.239458615304529,1,5.995830438,0
"28820",0.15517943497073,1,7.9918284,0
"28860",0.272320095550911,3,8,4
"28900",0.21221113776992,2,25.050505,3
"28940",0.304390209703831,9,248.672840033,219.943564496
"29020",0.211103339744711,1,22.901091839,8.964033396
"29060",0.316989737742303,1,44.462585034,4
"29100",0.343031372505221,3,81.00516351,35.01376936
"29180",0.242568559749176,5,172.598438356,92.696969696
"29200",0.352675054581467,3,68.173251575,89.0788322
"29260",0.241716612009499,1,7,4
"29300",0.181603672401218,2,14.536334049,12.359701704
"29340",0.216883265750598,2,62.978609624,19
"29380",0.148999002056985,1,11,6
"29420",0.134065229585704,1,35,10
"29460",0.20587707528741,8,145.301302574,81.369461982
"29500",0.1446036058286,0,0,0
"29540",0.285534399206319,9,151.277513622,130.07853574
"29620",0.330817989737398,5,129.997883031,156.002942024
"29660",0.552695908860292,1,19.01369865,22
"29700",0.187628610064085,2,53,18
"29740",0.295005387159724,2,37,53.138297871
"29780",0.213549716640907,2,0,0
"29820",0.251626151393713,6,1268,1120
"29860",0.195605525900442,2,5.026197092,3.019900053
"29900",0.154981393775372,1,4,0
"29940",0.512406720365642,3,37.905121296,51.022590972
"29980",0.138636671635723,0,2.945926461,0
"30020",0.227881314369789,2,20,28
"30060",0.14987816462231,0,10.927761196,0
"30100",0.372421861731905,0,100.983739836,49
"30140",0.212044896309424,2,39.503457812,19.762908811
"30220",0.156532628356755,0,5.056502365,0
"30260",0.254486507728583,1,11.00425532,4
"30280",0.162339612925374,0,3.987025654,2.874259812
"30300",0.238409111290467,1,23,9
"30340",0.22721775533258,3,31,17
"30380",0.132026627218935,2,5,0
"30420",0.178303348028119,0,10.986666668,0
"30460",0.38555354820486,11,234.751826172,267.24371382
"30580",0.112101313320826,1,9,0
"30620",0.186539434685173,5,28.257235541,0
"30660",0.195352070712087,1,8,3
"30700",0.392904282479888,7,129.01181103,173
"30780",0.31352481235618,14,192.065844242,226
"30820",0.195610988317019,0,8.239403045,0
"30860",0.360732361645048,2,64,57
"30900",0.129948729809953,0,8.997911244,0
"30940",0.158121529367275,0,9,14
"30980",0.19512542158516,4,68.93692907,21.040089
"31020",0.169786839666358,1,17,10.942244225
"31060",0.675627506312194,1,10,14
"31080",0.353945953793623,131,21261.199061602,9420.339072149
"31140",0.300590792068894,9,436.0964632,420
"31180",0.314340310040894,6,93.983643351,59
"31220",0.220300645586919,1,15.668083453,0
"31260",0.181838795764944,1,13.990131578,8.993421052
"31300",0.140364455076339,2,8,3
"31340",0.286707751455872,7,90.405635759,47
"31380",0.323804802820004,1,7,3
"31420",0.234565977969479,3,47.3161628,28.1482774
"31460",0.15217568781125,0,30.965213224,3.012716175
"31500",0.173437987780404,1,6.967416603,0
"31540",0.470659010364956,5,379.790693442,524
"31580",0.161178343949045,1,6,4
"31620",0.204861348853132,1,2.993963784,0
"31660",0.207137032141953,0,20.190839695,2.038167939
"31680",0.153345763414129,1,4.090832081,0.0287504
"31700",0.386137538112603,8,184.419103544,336.537535678
"31740",0.382580881524067,3,41.940622652,47
"31820",0.219383089476646,1,26.993724558,6
"31860",0.344963312114291,4,44.439151792,15.0612246
"31900",0.177809791464941,4,36.859315776,17.908331513
"31930",0.186693193911072,3,14,3
"31940",0.168733702219678,0,21.903846154,3
"31980",0.182538417757541,3,11.946799664,7.946799664
"32000",0.183928463900765,1,13.725349015,0.01150896
"32020",0.129341498777347,3,13.985451662,0.00578872
"32100",0.33950312233254,1,29,8
"32140",0.263646922183508,1,12,4
"32180",0.225454058039005,2,4,0
"32260",0.208075359896684,1,7.994505496,2.997939561
"32280",0.198543058648849,1,0.015110894,0
"32300",0.16350023802311,1,13.9128269,0
"32340",0.273625843780135,2,5,0
"32380",0.224592220828105,1,30,4
"32420",0.260891620911912,4,0,0
"32460",0.165002396548969,0,5.00745472,0
"32500",0.213586497890295,0,7,0
"32540",0.183083546434467,1,5,0
"32580",0.193025736490299,3,105.4,46
"32620",0.160265733715948,1,0,0
"32660",0.136586928662965,1,3.064812378,0
"32700",0.288303553090984,3,9,0
"32740",0.204369037839288,3,25.667292447,0
"32780",0.288238475487545,2,107.30584184,66.116372304
"32820",0.288328433450269,18,307.948394007,233
"32860",0.296830180458226,1,16.1034484,5
"32900",0.140936454437345,2,38.134251292,0.0767691
"32940",0.189643066120538,1,16,12
"33020",0.14308553157474,0,6.990410959,0
"33060",0.152575601627212,1,6.49448682,0.00689655
"33100",0.330273026005024,38,3515.426346368,4128.216555194
"33140",0.190999314208817,0,25.824585962,7.798754195
"33180",0.0949069120479349,1,6,0
"33220",0.347546231652079,1,25.098601132,13.087183345
"33260",0.272078647095667,1,57.422351232,33
"33300",0.214032479414456,2,9.79623824,6.857366768
"33340",0.361095069189326,20,654.228093304,597.614814359
"33380",0.149744122227991,1,3.96190476,0
"33420",0.1807534350758,0,6.819204792,0
"33460",0.426957326023175,36,1843.542796131,3069.50558392
"33500",0.281114702115983,1,38.0215517,12
"33540",0.442266686502033,1,120.289156627,94
"33580",0.246889031430404,2,17,4
"33620",0.179407814051276,2,3,0
"33660",0.24006076791674,5,91,74
"33700",0.177016598193225,3,94.572646305,45.920627146
"33740",0.224996087607777,2,64,25
"33780",0.210480201237953,1,36.122103387,6
"33860",0.306130866919971,7,72.04622639,107.01981131
"33940",0.274126771240306,0,31.00883976,9
"33980",0.285383491183783,1,49.533776304,13
"34020",0.0979581059672593,0,11.905586152,0
"34060",0.361457114423508,3,63.0932835,37.09701484
"34100",0.169869646555088,3,14.11474176,0
"34140",0.443985567099943,2,14,9
"34180",0.179972499957562,1,14.1666668,3
"34220",0.136722291239969,0,4,0
"34260",0.177526056294077,1,13.956923078,7.975384616
"34300",0.207424867413082,0,7.0882354,3.1176472
"34340",0.17864782651359,1,11.867955324,4.994791665
"34350",0.123384054592464,0,7,0
"34380",0.295474893203387,2,19.763633828,0.495762711
"34420",0.182787000562746,1,7.959525964,0.00668151
"34460",0.150484982690328,0,6.00400533,0
"34500",0.173742405373788,1,12.04314328,3
"34540",0.225811216701955,3,13.01456311,6.466666668
"34580",0.274399324309306,1,52.166266491,27.304964007
"34620",0.248860503066794,1,40.1044699,14.03015072
"34660",0.319775997383911,1,7.02236423,11
"34700",0.218295218295218,0,6.033264738,6.989513111
"34740",0.197378022696963,1,42.028557781,16.598387097
"34780",0.197842436468086,3,15.744186046,0
"34820",0.257391247365145,2,304.37941818,67.26424858
"34860",0.244371880641393,1,9,3
"34900",0.372007836254923,2,74.851895629,38.927336049
"34940",0.358793570774994,4,227.040004166,149.6425592
"34980",0.372917999976728,24,1478.878245566,778.012056815
"35020",0.161097271139364,0,9.93565684,0
"35060",0.19928810174936,1,12.973895584,0
"35100",0.23641397184426,2,37.0081716,39
"35140",0.191582771932481,1,5.095952,0.071964
"35220",0.163686662783925,0,12.14864025,4
"35260",0.223177835509012,0,18.356013175,3
"35300",0.359811724576129,6,295.127913005,288.0945625
"35380",0.310662800182058,15,584.972311012,361
"35420",0.178644280558607,2,24.626373625,7
"35440",0.277298586896678,1,24,3
"35460",0.112960122699387,0,9.997014925,0
"35580",0.226243029739777,1,22.665457919,2.938775511
"35620",0.414203760795028,243,12606.117015311,12865.68930235
"35660",0.275524021517344,2,57.199197961,16.588357586
"35700",0.209275674946914,0,11.0612558,0
"35740",0.23356123381329,1,10,7
"35820",0.217053649259054,1,19,3
"35840",0.335282898321965,5,381.56095147,363.046244121
"35860",0.127503302509908,0,3.015534,0.018123
"35900",0.160129922858303,1,9.0416358,0
"35940",0.147439774216309,0,8.449262835,2.996535798
"35980",0.343753987495215,6,122,76
"36020",0.341256173641799,0,45,29
"36100",0.206767756432196,2,92.643307478,43.444061962
"36140",0.335532624407837,0,129,9
"36220",0.166053605009196,2,38.577648768,4
"36260",0.318642490944001,3,196,287
"36300",0.235627293146022,0,18,12
"36340",0.192821324887833,1,8.559378436,0
"36380",0.143201166774073,0,14.876241219,0
"36420",0.315053272384016,22,414.489200452,462
"36460",0.199070649596965,2,14.649499074,0.1174698
"36500",0.357429158969712,3,98.087580411,127.120579975
"36540",0.370038491047351,10,408.004309732,438
"36580",0.333707921286585,3,29.513652356,2.747203578
"36620",0.155703230148048,1,0.2064895,0.0884955
"36660",0.151149789422683,0,15.495976911,2.303030304
"36700",0.194822795961239,3,13.857739382,0
"36740",0.331458514887179,17,1308.311738819,1491.889506905
"36780",0.289834261790249,1,69.255085195,37.065677952
"36820",0.212625923438549,1,10.104948,0.0629688
"36830",0.138164609817203,0,3.794117648,0
"36837",0.189240893786348,1,60.96274859,7
"36840",0.201173122713282,1,5,2.8125
"36900",0.196885150328975,1,13.0324324,3
"36940",0.268013277202073,0,14.685901919,7.02708804
"36980",0.228379303903867,3,31.982028242,6.996148909
"37060",0.470648848816616,1,27.994579676,11.995876284
"37100",0.338930437240662,10,545.300461443,493.39058289
"37120",0.182178867609331,1,4.665228,26.253781684
"37140",0.21964565258738,1,24.9795238,13
"37220",0.123856479238508,0,10,0
"37260",0.135548613083404,1,9.09077926,0.06822254
"37300",0.113045738045738,0,6.0267857,3.00803571
"37340",0.309127117629925,3,206,352
"37420",0.154292114105014,0,6.994720964,0
"37460",0.244843848987541,3,77.24993363,73.346685695
"37500",0.172752438702874,1,9.98588785,0.0028393
"37540",0.177219531015561,1,14.988454134,0
"37580",0.187419543592744,1,11,0
"37620",0.21200204369165,2,44,4
"37660",0.216277372262774,0,2.970826581,0
"37740",0.192098641167589,0,16,3
"37770",0.0819816220535358,0,0,0
"37780",0.104632204852786,0,3,0
"37800",0.307929735372884,1,18.89505247,8.937031482
"37860",0.272247185397865,4,132,156
"37900",0.279176620624001,5,124,68
"37940",0.137433133571974,0,11.050557056,0.0359668
"37980",0.386752620579299,77,2413.989230757,4148.77178599
"38060",0.322222511593135,27,1552.372818875,2383.066324595
"38100",0.146434546214973,1,7.77545692,0
"38180",0.353499653499654,0,32.643768399,9.89205103
"38220",0.162702388262289,3,4.0065574,0
"38240",0.387226297654774,1,42.833388952,18.01780744
"38260",0.294864715626726,1,4.96769562,5.961234744
"38300",0.358626411419468,43,941.667719165,987.00651464
"38340",0.353120752518824,5,87,18
"38380",0.17189777475464,1,6,0
"38420",0.231902646561972,2,7.9918208,0
"38460",0.244221851905521,4,15,5
"38500",0.197311011279532,1,13.151314453,3.997047972
"38540",0.261030577009692,1,32.943138613,18.960227274
"38580",0.172180131523017,0,11,0
"38620",0.193437489363151,2,15.845997288,0
"38660",0.262285548124455,6,0,0
"38700",0.165894970121493,0,11.3441396,0
"38740",0.124623426114272,2,5,0
"38780",0.21874712537945,0,3,0
"38820",0.288448474967733,1,34.436923872,12.959898151
"38860",0.411716718891761,10,336.555555556,238
"38900",0.403540747281138,21,1204.86789669,1682.14265533
"38920",0.175108134505372,0,5,0
"38940",0.262941760682044,2,201.65022108,128.78344445
"39020",0.155999696314011,2,7.00955413,3
"39060",0.169500331957394,3,26.05006463,0
"39100",0.333579340700257,0,292.110693236,192.903248992
"39150",0.262997844599524,3,96.439213626,32.496733188
"39220",0.167621776504298,0,4,0
"39260",0.188375625949474,0,6,3
"39300",0.329871045685315,21,767.064780264,492.045526256
"39340",0.40663275455398,3,287.08299148,659.20836384
"39380",0.229102812339912,2,35,17.333333334
"39420",0.482230244685118,1,9,9
"39460",0.2383152403138,1,54.439048516,22.956695609
"39500",0.238786859556252,4,34,9
"39540",0.257785234899329,1,67.379263174,46.274732017
"39580",0.478348428063516,12,548.9606996,1460.798459789
"39660",0.305996123465538,2,121.481753903,38
"39700",0.0920780372450488,0,3.6,0
"39740",0.259144781569559,7,124.688370483,80.777674781
"39780",0.174261460101868,0,10,0
"39820",0.221295464927618,3,63,62
"39860",0.261853415545363,0,17.904747248,8.926829268
"39900",0.316797268417303,3,269.02325584,296
"39940",0.321917537975932,1,14,14
"39980",0.198155566315975,3,24.819101836,8
"40060",0.380152736834076,13,509.2869604,690.022394544
"40080",0.289512290051196,2,16.861660078,12
"40100",0.109397779522261,0,0,0
"40140",0.223734396993858,29,1115.908533841,761.343294172
"40180",0.248115224485203,1,29.01156068,0
"40220",0.283977329896311,4,111.807527849,61.01273884
"40260",0.148036372187818,1,12.53846154,0
"40300",0.217626507381945,0,7.2105163,0.0574413
"40340",0.402605475643014,3,86.155994175,52
"40380",0.356252767156369,21,456.747947037,445.804707932
"40420",0.231706837229433,3,140.895041502,56
"40460",0.178009615070151,1,8.1875,0
"40530",0.231654595474707,0,9.382550337,3
"40540",0.212105114038816,1,12,0
"40580",0.194008853910477,3,15.1600526,5.1056666
"40620",0.299152359744271,1,13.968133536,2.993171472
"40660",0.2136975818794,4,22.075116026,14.006616608
"40700",0.184626913343652,1,23.02970296,7.04455444
"40740",0.176763164883985,2,25,3
"40760",0.251209352324644,1,20,0
"40780",0.216378689704824,1,16,5
"40820",0.351604381943905,2,9.92537313,4.962686565
"40860",0.321860878930486,1,24,6
"40900",0.343084677317711,14,724.56857091,1228.209989382
"40940",0.148157380863351,1,9.1192412,0
"40980",0.220714680726953,1,54.923333552,32.66000352
"41060",0.268119908299818,4,91.046744479,20.01284798
"41100",0.291890011683806,2,91.00797773,93.99515686
"41140",0.218422555567211,2,28.391402715,4
"41180",0.353908772822307,37,1072.244767881,1206.9947479
"41220",0.224953014312563,0,4,15
"41260",0.191770922722551,0,9.0631578,0
"41400",0.145356389024192,5,23.343571242,0.09894
"41420",0.253528669106591,5,136.857103616,70.915100792
"41460",0.268943826799298,2,20.0142518,6
"41500",0.262497107151122,7,146.905519168,108.907390079
"41540",0.283382050595954,3,169.35659644,157.625668448
"41620",0.358164501713288,7,483.837593992,880.630075204
"41660",0.248760552915103,1,42,8
"41700",0.28752773158828,18,651.390908306,814.426207086
"41740",0.39456277895737,34,1474.0547113,3472.0547113
"41760",0.266412397140969,0,21,18
"41780",0.248999513782399,4,58.40261433,0.00346419
"41820",0.204908331119109,1,21.905929366,10.565933864
"41860",0.506746187109472,55,2416.263071271,8271.311219547
"41900",0.225541860020899,0,0,0
"41940",0.525091169834826,17,709.886569635,4644.642909222
"41980",0.288562861990881,51,0,0
"42020",0.360820671573428,2,136.005816551,108.001342282
"42100",0.41825843475368,3,143.084658565,179.08793265
"42140",0.407019325866724,4,145.39772906,87.248256625
"42180",0.248946008431933,0,0,0
"42200",0.349674942503758,8,258.994183449,276.998657719
"42220",0.364319348182636,3,269.021961152,183.969890808
"42300",0.226187743860454,2,10,0
"42340",0.32609719578928,3,151,64
"42380",0.186665736477373,1,11,0
"42420",0.232617687610794,2,16,0
"42460",0.162201498571506,1,3,0
"42500",0.131870795709351,0,5.90353698,0
"42540",0.253449008283688,18,137.31436226,60.944022729
"42620",0.207483059618426,2,13,0
"42660",0.435774032904575,33,1784,3600
"42680",0.306076383168023,1,72,47
"42700",0.175342533942283,1,24.025048208,0
"42740",0.184713828652684,1,6,7
"42780",0.210732211396516,1,12.99574468,0
"42820",0.166451915192691,2,5.977426638,0
"42860",0.273641356800674,0,14.97728993,4.988644965
"42900",0.213403022567967,1,11.008372516,3.764257516
"42940",0.182781155231573,0,122.199404324,3.01047808
"42980",0.178716463617602,0,9.97669903,9.796344948
"43020",0.163925662715009,1,8.255501,0
"43060",0.194044068919814,3,15.049261,0
"43100",0.257321261317515,1,55.067311456,7
"43140",0.194965192738715,2,22.479407732,3.997118156
"43180",0.181429932098196,1,5.165370515,0.14069367
"43220",0.181330942003295,0,13.506306309,0.019305025
"43260",0.306480836236934,1,27.1,80
"43300",0.205865057086112,2,30.1888412,9.871794872
"43320",0.161127951277844,1,21,6
"43340",0.240561158762224,7,121.79397712,61
"43380",0.192675501983334,0,9.408247,0
"43420",0.255525002546084,1,26.874922233,60
"43460",0.19789119804401,0,7.153942432,2.682728412
"43500",0.256275364497219,1,5,0
"43580",0.231240181626461,4,56.01863354,3
"43620",0.338720077375675,6,201.978723404,85
"43660",0.161166607206564,1,5.99310345,0
"43700",0.168107504760237,1,11,3
"43740",0.16722692113063,1,15.797150144,8.812963554
"43760",0.223386532100345,1,14.947368422,3
"43780",0.292053171911928,6,89.643966589,60.2702033
"43900",0.248281831396033,7,71.786370096,56.697034857
"43940",0.349633658969805,1,28.098612085,8
"43980",0.238888394050058,0,7.993537968,6.994345722
"44020",0.322198863193958,0,26.006462032,3.005654278
"44060",0.306800604174628,8,193,221
"44100",0.334953497831737,4,104,74
"44140",0.332243092611854,9,205.00728154,113
"44180",0.286996434039482,11,158.06567165,133
"44220",0.189252894788295,2,20.434542992,9.380174788
"44260",0.377716134997688,1,8.983219392,8.983219392
"44300",0.457726152057568,3,67,76.97894737
"44340",0.276148716543345,2,10,3
"44420",0.252039270687237,2,34.1006288,17
"44460",0.493340408596445,0,46,22
"44500",0.329749541844838,1,10,3
"44540",0.206038068826421,1,6,0
"44580",0.189024702091751,1,11.973093272,2.988372093
"44620",0.334308673246572,1,25.43483824,11
"44660",0.378263125831998,2,26.970509385,17
"44700",0.191620746224709,4,126.226029632,71.16197958
"44740",0.20798909120077,1,10.988727858,0
"44780",0.160370442771968,1,11.915014165,5
"44860",0.21296258765352,0,7.2824796,4.0868596
"44900",0.0971865514826056,0,2.988614802,0
"44940",0.195337433686302,3,26.0896636,28
"44980",0.178628699887598,1,11.213143957,0.613681446
"45000",0.126539753639418,1,5,0
"45020",0.150639011104127,0,6.955696202,0
"45060",0.322187471874719,14,275.706672059,163.002083332
"45140",0.274832399520679,1,13.209302326,0
"45180",0.152652304841325,1,12.188688118,0
"45220",0.389894668906228,5,116,309
"45300",0.31163452368755,20,1270.017600726,1904.995970344
"45340",0.322836237215507,1,22,7
"45380",0.179365012438335,0,8.972222223,0
"45460",0.202394435847943,3,43.1722489,19
"45500",0.20099270187554,2,32,5
"45520",0.204423191870891,1,14,0
"45540",0.320330705962988,0,17.972665586,17.338312139
"45580",0.136121093324622,0,0,0
"45620",0.241205040693095,2,18.694546853,0
"45660",0.173433812486591,2,15.869697072,5
"45700",0.17264772771075,1,7.98597869,3.988782952
"45740",0.180306469920545,1,5.924345298,2.962172649
"45780",0.272727482327552,7,236.066969924,108.001886793
"45820",0.2909182611985,2,47.1212191,28.038814
"45860",0.358577834531092,1,104.985561996,30
"45900",0.361512670706997,1,79.006431308,39
"45940",0.435311889464038,8,157.133405203,618.168965423
"45980",0.296271361988607,1,4.98137109,2.988822654
"46020",0.375697539173277,0,77.078539494,40.510994968
"46060",0.336314929752178,3,331.402449993,373.933675593
"46100",0.208974358974359,1,23.005347466,13.986965966
"46140",0.278906573041733,14,306.579398052,285.38165831
"46180",0.214223042341682,2,32.99579832,5
"46220",0.279324962604815,4,44,15.16216216
"46300",0.215175147572063,1,43.961617093,21
"46340",0.270361579605033,3,51.013897656,32.637931035
"46380",0.239866498984231,3,40,3
"46420",0.134795111430625,0,3,0
"46460",0.154907186608688,0,3.996434936,0
"46500",0.158939905719906,0,14.861689711,0.01840492
"46520",0.357170414421657,12,256,370
"46540",0.254505850567275,8,92.999661626,59
"46620",0.194384835479256,1,6,0
"46660",0.239545804379106,2,41.842364532,19
"46700",0.270551444507358,3,108.136475326,79.272962218
"46780",0.171903881700555,1,10.674418602,0
"46820",0.489064484266968,1,4,0
"46860",0.162925381706792,1,10,3
"46900",0.148948266060262,1,4,0
"46980",0.229544435189338,0,16,11
"47020",0.186704384724187,2,35,7
"47080",0.165683236405315,2,4.99564839,0
"47180",0.164726947179946,1,8,0
"47220",0.166178263776895,1,36.320682519,2.842318059
"47240",0.44027662933173,0,34,0
"47260",0.32895277655218,18,581.003134838,798.961378226
"47300",0.145320403645501,2,53.517175705,14
"47340",0.189084638329605,1,7,4
"47380",0.241034639708701,3,77,38
"47420",0.22649201363363,1,7.3030556,0.2570786
"47460",0.286156612065521,3,23,6
"47540",0.191746011322697,0,22.687078604,0
"47580",0.296422373514885,2,25.904385408,76.834530761
"47620",0.194161738412873,1,7.007767,0
"47660",0.29473584548381,2,4,19
"47700",0.243336670507565,1,24.10289329,21.93446602
"47780",0.128068561468068,0,5,0
"47820",0.207086293233958,1,19.808565258,0.005564384
"47900",0.516992902756295,41,2183.046576793,12973.121482047
"47920",0.152448979591837,0,7.192641392,0
"47940",0.296215015059135,4,62.843023257,35
"47980",0.203014416775885,1,28,6
"48020",0.266852839130067,1,35.12054492,10.1699292
"48060",0.224723538704581,2,40.991908014,20.997444636
"48100",0.0912280701754386,0,0,0
"48140",0.248865857063093,1,64.181917429,28.3365742
"48180",0.145406936354406,1,10.897649807,0
"48220",0.263679573382796,2,12.852112673,0
"48260",0.176999599255086,5,50.011967626,0.002111934
"48300",0.243601672311338,1,64.483870969,22
"48460",0.173234930560605,2,7,0
"48500",0.20304454891426,0,4,0
"48540",0.211490807941312,6,53.988032374,5.997888066
"48580",0.294763599389934,2,67.975869109,15.402737771
"48620",0.310366303525061,8,188.97345133,124
"48660",0.231163479884708,1,23,18
"48700",0.234666998011928,2,22.76059697,14.953043478
"48780",0.255947426067908,1,21.842105263,5
"48820",0.243945535807089,1,18.0111111,5
"48900",0.393828640199662,3,184.599103869,112.973563625
"48940",0.200345362277981,1,10,6
"48980",0.200301691628057,2,16.935766424,2.951824818
"49020",0.256923442161002,2,34.9774934,37.00799428
"49060",0.227357145942211,0,10,3
"49080",0.188490110086816,0,9.94757536,0
"49100",0.312595032944754,3,28,9
"49180",0.267673070070297,8,213.100239017,175.221582942
"49220",0.205988552990435,1,29.396954248,5.663425578
"49260",0.195494186046512,1,5,0
"49300",0.22544213952394,4,22.3541769,15.0141621
"49340",0.353861485412438,14,260.480793381,357.212170081
"49380",0.162804129665728,0,4.99189627,0
"49420",0.176172095526934,4,61.001971528,18
"49460",0.266872324351549,2,15,0
"49500",0.224732177018237,0,0,0
"49620",0.251983790647319,3,124.715844958,89.999953242
"49660",0.222158425153481,5,132.632284371,57.172438
"49700",0.191485753052917,1,38.00622407,24
"49740",0.154353650119852,2,28,16
"49780",0.174705342889168,4,18,0
"49820",0.121513944223108,0,0,0
