r,obs,mmean,lo,hi,cbsa,gamma
0,6.281781456423168e-6,3.959795185854142e-6,3.7813677723706154e-6,4.112810581435907e-6,35620,2.168970874987261e-6
250,8.213248309711632e-6,4.966577392220754e-6,4.647125875684692e-6,5.281168971020023e-6,35620,2.932079338691609e-6
500,1.2238035969718624e-5,7.447345652162203e-6,6.9845611497499185e-6,7.866405858578677e-6,35620,4.371630111139946e-6
1000,1.542634058252347e-5,9.681435045810812e-6,9.232731260106886e-6,1.0140153437168849e-5,35620,5.286187145354623e-6
0,5.211095025608578e-6,2.9124393101124486e-6,2.7898821068629325e-6,3.0213919483737465e-6,31080,2.1897030772348314e-6
250,3.086953350804694e-6,1.8097882188465246e-6,1.7458260766454503e-6,1.8847386746549678e-6,31080,1.202214676149726e-6
500,3.710153453743662e-6,2.665637227847209e-6,2.5735084142978293e-6,2.754722472326632e-6,31080,9.554309814170301e-7
1000,4.708722991955132e-6,3.7284288493618873e-6,3.5978915857194077e-6,3.863384197954036e-6,31080,8.453387940010953e-7
0,9.996509140237385e-6,4.027406748775197e-6,3.8517574585664835e-6,4.197394547142427e-6,16980,5.7991145930949575e-6
250,1.1065147845504958e-5,3.142749316074715e-6,2.874668936273014e-6,3.4222466201354873e-6,16980,7.64290122536947e-6
500,1.7405405574747587e-5,4.899967458408701e-6,4.459404833677904e-6,5.341468847051965e-6,16980,1.2063936727695622e-5
1000,1.9708034178464348e-5,6.106182815937745e-6,5.614330399645256e-6,6.632360469650933e-6,16980,1.3075673708813415e-5
0,9.74511273287378e-6,8.114067556998479e-6,7.978786649542852e-6,8.22703237961963e-6,47900,1.5180803532541507e-6
250,4.532892551938266e-6,3.824911309597629e-6,3.737182775985571e-6,3.914113064373972e-6,47900,6.187794875642939e-7
500,5.7804790050509295e-6,4.835413819023716e-6,4.735627549209034e-6,4.949766360311594e-6,47900,8.307126447393353e-7
1000,6.980550802193377e-6,5.812757721044036e-6,5.708932039444279e-6,5.9312536568935426e-6,47900,1.0492971452998348e-6
0,1.686442126468022e-5,1.1643752913195874e-5,1.13140231997316e-5,1.203240101705031e-5,41860,4.8320202476299095e-6
250,2.3772496172508406e-5,1.4656432022346645e-5,1.4049638491153222e-5,1.5284381050588342e-05,41860,8.488115121920064e-6
500,3.524197746832765e-5,2.2122269590351188e-5,2.111800725564181e-5,2.308928125030065e-5,41860,1.2152696218027001e-5
1000,3.767417119128929e-5,2.4699788611211955e-5,2.3664306102751584e-5,2.5530069579211124e-5,41860,1.2144101612078168e-5
0,9.933181580838186e-6,4.9565328693921775e-6,4.70492089988209e-6,5.288464881426809e-6,19100,4.644716699411377e-6
250,4.23372272911225e-6,1.9271602829966567e-6,1.811108364295077e-6,2.0191173992294443e-6,19100,2.214605329882806e-6
500,5.389747999380169e-6,2.530716903886364e-6,2.4067311589167496e-6,2.6654778288685994e-6,19100,2.7242701705115697e-6
1000,7.185989136636289e-6,3.6954492657214833e-6,3.4901577166137164e-6,3.879366815767509e-6,19100,3.30662232086878e-6
0,1.638150749127441e-5,9.945801602261982e-6,9.526601045902927e-6,1.0364491273177591e-5,12060,6.0170162180968204e-6
250,2.09912332498393e-6,1.1344384286502684e-6,1.0200385789383447e-6,1.2369053790522843e-6,12060,8.622179459316456e-7
500,4.3355503952969e-6,2.5510193096200763e-6,2.415621695562865e-6,2.730830413099161e-6,12060,1.6047199821977385e-6
1000,6.858930663213518e-6,4.0872472432910795e-6,3.825628405758342e-6,4.280881429802098e-6,12060,2.57804923341142e-6
0,2.1550796503416434e-5,1.1989366729217989e-5,1.1454586423850315e-5,1.2485193410662259e-5,14460,9.065603092754175e-6
250,1.663080702963096e-5,6.551679157972192e-6,5.969130357398291e-6,7.156977035235539e-6,14460,9.473829994395421e-6
500,2.2563142603252748e-5,9.171523633581097e-6,8.298797390810296e-6,9.882168121041204e-6,14460,1.2680974482211544e-5
1000,1.8271501715547696e-5,8.668098437312625e-6,8.05659066485524e-6,9.304679657998648e-6,14460,8.966822057549049e-6
0,1.2226729859929388e-5,6.100278712598185e-6,5.72337820708786e-6,6.508631869657189e-6,26420,5.718097990272199e-6
250,2.546823639344316e-6,9.698332260684784e-7,8.127184776468487e-7,1.116187391407974e-6,26420,1.4306362479363422e-6
500,4.8257704687427594e-6,2.1932029395880223e-6,1.936073254520733e-6,2.4088697164453896e-6,26420,2.41690075229737e-6
1000,6.538778949345126e-6,2.8540259477366988e-6,2.5958924961386228e-6,3.101343940081963e-6,26420,3.4374350092631627e-6
0,1.5904520739982577e-5,7.896990952733172e-6,7.355415531634122e-6,8.35917035202185e-6,37980,7.545350387960726e-6
250,7.422029005609415e-6,2.466971135897354e-6,2.161105613331638e-6,2.8836036948433177e-6,37980,4.538425310766097e-6
500,6.794120589210659e-6,3.2211019413973187e-6,2.8393930018989063e-6,3.5671387289788148e-6,37980,3.226981860231844e-6
1000,5.62785623376061e-6,3.446022084582412e-6,3.049286276175234e-6,3.784147900217542e-6,37980,1.8437083335430683e-6
0,7.822082914598294e-6,6.761225549449144e-6,6.376419003421767e-6,7.207151562875542e-6,33100,6.149313517227518e-7
250,3.1683349023307105e-6,2.0670541752118543e-6,1.9023478296969698e-6,2.26996354814765e-6,33100,8.983713541830606e-7
500,4.796529535426596e-6,3.4927564971755098e-6,3.2422390331598433e-6,3.722466705056851e-6,33100,1.0740628303697452e-6
1000,5.1926991305861784e-6,4.0029687376959486e-6,3.7523528179733253e-6,4.278531027810327e-6,33100,9.14168102775851e-7
0,1.5104736115424271e-5,8.329236739524332e-6,7.798784106485814e-6,9.036071364295234e-6,33460,6.068664751129038e-6
250,4.449619369417778e-6,1.7866182614560737e-6,1.5108127391149874e-6,2.0269093556700147e-6,33460,2.422710013747763e-6
500,7.756033592949252e-6,3.4190348993693147e-6,3.123984410320626e-6,3.8600637946037925e-6,33460,3.895969798345459e-6
1000,6.834294021007858e-6,4.027250642477176e-6,3.64971923046817e-6,4.4369651142344624e-6,33460,2.3973289067733957e-6
0,2.1663146694949593e-5,1.1745263419456597e-5,1.0383130772628964e-5,1.2990976230235934e-5,19820,8.672170464713658e-6
250,3.333002997319949e-6,1.5610608958480503e-6,1.3881581277397464e-6,1.8053338051727401e-6,19820,1.527669192147209e-6
500,5.764913509231923e-6,2.885305945183351e-6,2.5404781182191292e-6,3.1741081803627616e-6,19820,2.5908053288691614e-6
1000,6.354601650628899e-6,4.386052573057586e-6,3.755255051807248e-6,4.978650186394104e-6,19820,1.3759514642347952e-06
0,2.601797631584132e-5,1.5580868066658868e-5,1.4616935543007764e-5,1.6741576742346218e-5,42660,9.2763995734951e-6
250,1.9283075926815147e-5,7.184813710603975e-6,6.367806330749906e-6,8.19698821233203e-6,42660,1.1086087714483116e-5
500,2.210929226469864e-5,9.413539345686557e-6,8.498285946550433e-6,1.043785462997555e-5,42660,1.167143763472309e-5
1000,2.0234705310512787e-5,1.061002989393106e-5,9.68141218678664e-6,1.1660551505769288e-5,42660,8.574153804743499e-6
0,3.228351398049212e-5,2.3703531141531957e-5,2.289581482055771e-5,2.475799976837611e-5,41940,7.525514212116013e-6
250,1.0614637870313586e-5,7.280039862547855e-6,6.8361903849807e-6,7.736980892117603e-6,41940,2.877656978195983e-6
500,2.04157829530381e-5,1.4355831339563917e-5,1.3506968447223873e-5,1.5073534208356861e-5,41940,5.342248744681239e-6
1000,1.929003498698661e-5,1.777120811491933e-5,1.6902932129074643e-5,1.8551776543565185e-5,41940,7.382584434214238e-7
0,3.447894821152643e-5,2.3624215766209817e-5,2.242363274167825e-5,2.5211973837591445e-5,41740,9.266974373934987e-6
250,5.505913849316049e-6,3.446855400239087e-6,3.155389726436447e-6,3.773098157449421e-6,41740,1.7328156918666278e-6
500,9.414383985209453e-6,7.1383189735128675e-6,6.359459675521828e-6,7.857632360929904e-6,41740,1.5567516242795496e-6
1000,1.2693122034295159e-5,1.0067267649007506e-5,9.238010438239549e-6,1.0671038503080517e-5,41740,2.0220835312146417e-6
0,1.5779252547664123e-5,1.1483475995574182e-5,1.0917032473537784e-5,1.2083289562342556e-5,19740,3.6959629853215665e-6
250,7.967701670018016e-6,4.2850705602521285e-6,3.842280591926363e-6,4.701725267624772e-6,19740,3.265976402393244e-6
500,1.2386022492939104e-5,7.104881587019247e-6,6.604898849791846e-6,7.742799234546408e-6,19740,4.643223258392696e-6
1000,1.5826678038190502e-5,1.0192101813315735e-5,9.614947316785203e-6,1.1056155234834212e-5,19740,4.770522803356289e-6
0,1.4094299559504415e-5,1.3508932469538507e-5,1.220946906783516e-5,1.512522406979541e-5,38060,0
250,3.4051530888081547e-6,2.262169527909766e-6,2.0043560260229937e-6,2.514301882665176e-6,38060,8.908512061429788e-7
500,5.112837072122529e-6,3.935294070072313e-6,3.522711477109337e-6,4.346574595820019e-6,38060,7.662624763025098e-7
1000,5.474589995493451e-6,6.011796683202949e-6,5.4263409228365814e-6,6.646159588390672e-6,38060,0
0,1.8521523517510258e-5,1.3843102034997653e-5,1.2637529735036365e-5,1.5246919665554285e-5,38900,3.274603851955973e-6
250,1.825008549665767e-5,5.5249179999774896e-6,4.822940860816485e-6,6.473174338257978e-6,38900,1.177691115839969e-5
500,2.6475752528069552e-5,8.556901037840098e-6,7.309162600932221e-6,9.740894552505606e-6,38900,1.6734857975563946e-5
1000,2.4126596323122364e-5,1.1222977330606534e-5,9.73154724456247e-6,1.2485083702411696e-5,38900,1.1641512620710668e-5
0,2.9670432072373094e-5,1.846086768583907e-5,1.715733815450717e-5,1.9650374750296492e-5,12580,1.0020057322076602e-5
250,2.804085466167374e-6,2.1582762433710386e-6,1.914698988966994e-6,2.412443402981736e-6,12580,3.916420631856383e-7
500,7.037680330331024e-6,4.747739067902088e-6,4.439381314872669e-6,5.113423252517887e-6,12580,1.924257077813137e-6
1000,7.2293727969813255e-6,5.5790413160671755e-6,5.223437481930765e-6,5.947717647330635e-6,12580,1.2816551496506905e-6
0,2.8168310957674363e-5,2.142378684119112e-5,2.049760619482708e-5,2.270828468185626e-5,12420,5.460026275818102e-6
250,1.3935952528844182e-5,7.486032592435625e-6,6.360681647695408e-6,8.554809238097842e-6,12420,5.38114329074634e-6
500,1.5535373194956657e-5,9.653991838501223e-6,8.682823830776512e-6,1.0586465732847833e-5,12420,4.948907462108825e-6
1000,1.621391644736465e-5,1.2026235860294833e-5,1.0894519109763546e-5,1.3339502935258283e-5,12420,2.874413512106367e-6
0,1.752411661911051e-5,1.1194604030838498e-5,1.0419125570856125e-5,1.2191314413268337e-5,45300,5.332802205842174e-6
250,4.562887752891467e-6,2.43274115945619e-6,2.089872212649907e-6,2.8685245692451362e-6,45300,1.6943631836463308e-6
500,7.031459637797667e-6,4.163767002763638e-6,3.7171132911291285e-6,4.638832807361602e-6,45300,2.392626830436065e-6
1000,6.914499906370729e-6,5.7102760466265764e-6,5.293609706136962e-6,6.244012390092077e-6,45300,6.704875162786525e-7
0,1.278145496148667e-5,1.1638670776770338e-5,9.75227658878099e-6,1.3971505465688894e-5,40140,0
250,3.7375059444335354e-6,2.7249871887255386e-6,2.287776745414606e-6,3.2835992195928244e-6,40140,4.5390672484071095e-7
500,5.163525774168826e-6,4.9947179252991664e-6,4.000184788212848e-6,6.072477608542498e-6,40140,0
1000,7.18774495325719e-6,8.58564697336932e-6,7.282864389588679e-6,1.0013219370264911e-5,40140,0
0,3.210875110478748e-5,1.1498619677643484e-5,1.0209532499067293e-5,1.2764142256888012e-5,16740,1.934460884789947e-5
250,5.959034061661174e-6,2.121238898682552e-6,1.7890649784141654e-6,2.5675805301036147e-6,16740,3.3914535315575596e-6
500,1.1174607177185463e-5,3.0701325513139143e-6,2.443133497628617e-6,3.8435907731051975e-6,16740,7.331016404080265e-6
1000,1.3787495632250751e-5,4.429797675825198e-6,3.6927485424980883e-6,5.216344437764826e-6,16740,8.571151194485925e-6
0,2.4182017649079338e-5,1.219387868439097e-5,1.0985982527015459e-5,1.3490592611597621e-5,41180,1.0691425037481717e-5
250,8.724383224259058e-6,2.836356854180058e-6,2.4462882544171965e-6,3.3118010115077583e-6,41180,5.4125822127513e-6
500,1.2441851685761846e-5,4.792619531390503e-6,4.218919367518282e-6,5.524440717812959e-6,41180,6.9174109679488875e-6
1000,1.0633663730502949e-5,6.079263501827953e-6,5.430551398221858e-6,7.071512516596566e-6,41180,3.5621512139063823e-6
0,3.002258871366133e-5,1.1621937755435405e-5,9.909700936451403e-6,1.4075731548333991e-5,38300,1.594685716532734e-5
250,1.3834660661796436e-5,3.507569919733804e-6,2.954157755445795e-6,4.182811447917568e-6,38300,9.651849213878867e-6
500,2.012587440186627e-5,5.04406712674617e-6,4.095748166359828e-6,6.675165479204815e-6,38300,1.3450708922661455e-5
1000,1.954669922274569e-5,5.4791952022812075e-6,4.421655890970932e-6,6.645257854247559e-6,38300,1.290144136849813e-5
0,2.9902308932428134e-5,1.5938633518641957e-5,1.324427560291259e-5,1.8548823441759687e-5,17140,1.1353485490668447e-5
250,9.841137112544718e-6,3.281475466011995e-6,2.665080619216979e-6,3.881884226946263e-6,17140,5.959252885598455e-6
500,1.4048575290298438e-5,4.741750926176254e-6,3.7793633898191946e-6,5.784173079238409e-6,17140,8.264402211060028e-6
1000,1.4724810381426296e-5,7.183958379909085e-6,5.870677982500662e-6,8.751482992850636e-6,17140,5.9733273885756596e-6
0,3.4999013609883804e-5,1.7574490609394586e-5,1.5543834495740247e-5,1.984578008456168e-5,36740,1.5153233525322125e-5
250,6.220838628023758e-6,2.984885423769604e-6,2.579758102800469e-6,3.603133736356895e-6,36740,2.617704891666863e-6
500,7.133599280143253e-6,4.524395666765928e-6,3.970661574602856e-6,5.0439600690018256e-6,36740,2.0896392111414277e-6
1000,9.25302034803515e-6,6.728906502043337e-6,5.846120659378388e-6,7.692184439712106e-6,36740,1.5608359083230429e-6
0,2.859777453337033e-5,1.487284756201164e-5,1.1773326729297997e-5,1.80458754437976e-5,33340,1.0551899089572728e-5
250,1.3867869539300016e-5,4.601899745573397e-6,3.7077926900562246e-6,5.5243502749011175e-6,33340,8.3435192643989e-6
500,1.8245103107987672e-5,6.604187212950348e-6,5.288112825513905e-6,7.730436350607113e-6,33340,1.0514666757380559e-5
1000,1.56425180616565e-5,8.281513545421426e-6,6.578850797349131e-6,9.896369478450649e-6,33340,5.746148583205852e-6
0,2.403514609540212e-5,1.4022009209585972e-5,1.2463890131445331e-5,1.5425810349379218e-5,26900,8.609335746022901e-6
250,1.4236788922786505e-5,4.368217544274563e-6,3.4317133623818544e-6,5.76379866286259e-6,26900,8.472990259923916e-6
500,1.6191725726704905e-5,5.986255777236147e-6,5.0181615085232e-6,7.003300951365604e-6,26900,9.1884247753393e-6
1000,1.6595609317539888e-5,6.918701421135035e-6,5.900678713832585e-6,7.790030441841556e-6,26900,8.805578875698332e-6
0,2.122832474692197e-5,1.2337399122353666e-5,1.105517462567206e-5,1.4039137731254045e-5,28140,7.189187015667926e-6
250,9.6994781013295e-6,3.4311601638580265e-6,2.8539190929101828e-6,4.208491765654026e-6,28140,5.490986335675475e-6
500,1.2468693106638255e-5,4.997703874286605e-6,4.210846510290868e-6,6.006038426007792e-6,28140,6.4626546806304635e-6
1000,1.4447199576878963e-5,7.307719309271638e-6,6.1332767602937466e-6,8.222824463645474e-6,28140,6.22437511323349e-6
0,5.623432945946566e-5,2.4090597510470858e-5,2.0091834188620183e-5,2.896411722250288e-5,40900,2.727021223696278e-5
250,8.715218917447342e-6,4.254530003940118e-6,3.719454996216198e-6,4.943849020210673e-6,40900,3.771369897236669e-6
500,1.3998562953247568e-5,7.007425676136292e-6,5.710303417934634e-6,8.117583447176183e-6,40900,5.8809795060713855e-6
1000,9.910601144548362e-6,7.6179754437389665e-6,6.4864868788018045e-6,8.561270968356914e-6,40900,1.3493301761914482e-6
0,3.5943824534333244e-5,1.914285096609994e-5,1.707074623257817e-5,2.097993684144554e-5,18140,1.4963887692887705e-5
250,6.531176349776927e-6,3.1108673125978703e-6,2.731179345306259e-6,3.600942331945216e-6,18140,2.9302340178317114e-6
500,1.3086074416696512e-5,5.715837031645159e-6,5.004319181869024e-6,6.6226526095414655e-6,18140,6.463421807155047e-6
1000,1.619682187666808e-5,8.65782078510782e-6,7.617982949008139e-6,9.545181072645919e-6,18140,6.651640804022161e-6
0,2.475786946769783e-5,1.3948544380203978e-5,1.1323130258682052e-5,1.7622102212898103e-5,39300,7.135767254799728e-6
250,1.634589673285846e-5,5.92663935457529e-6,4.6568856614158515e-6,7.2541215128933816e-6,39300,9.09177521996508e-6
500,1.5895436636222163e-5,5.778601830156535e-6,4.634351958429964e-6,7.517275624735251e-6,39300,8.378161011486912e-6
1000,1.5846132395612147e-5,7.418778528520034e-6,5.919786478928225e-6,8.956407012650986e-6,39300,6.889725382961161e-6
0,3.889157615075321e-5,2.2759211485077626e-5,2.0429954585767515e-5,2.571417156704433e-5,41620,1.317740458370888e-5
250,1.863375999434776e-5,7.5780994798801314e-6,6.365085203807922e-6,9.160018845064497e-6,41620,9.473741149283264e-6
500,3.057129915106392e-5,1.2186649613967939e-5,1.0509410047103677e-5,1.485701183644394e-5,41620,1.5714287314619984e-5
1000,2.190207820683628e-5,1.810965672437552e-5,1.5996828227557928e-5,2.044972381394256e-5,41620,1.4523543928937193e-6
0,6.443267746599344e-5,2.2924910474699905e-5,1.9902551101000423e-5,2.6435334343932663e-5,34980,3.7997343122060775e-5
250,1.4939057686374327e-5,4.806879787036791e-6,4.064291198462153e-6,5.737542294903564e-6,34980,9.201515391470763e-6
500,1.8387132739797285e-5,5.887475636272832e-6,4.735757636574449e-6,7.214525404349631e-6,34980,1.1172607335447654e-5
1000,2.267698364197329e-5,9.259994300065243e-6,7.824501191646544e-6,1.099824973517092e-5,34980,1.1678733906802371e-5
0,3.1103251805049044e-5,2.6386876102295184e-5,2.007232422849689e-5,3.631085246357112e-5,24340,0
250,1.9648399634137786e-5,9.181728010264762e-6,7.633023346726145e-6,1.2271388574145049e-5,24340,7.377011059992737e-6
500,2.385632558815957e-5,7.271967657912997e-6,5.5855389614705e-6,9.443963570446961e-6,24340,1.4412362017712608e-5
1000,1.6835794666235875e-5,1.0011791124013792e-5,7.554063748828174e-6,1.3448030369778589e-5,24340,3.387764296457286e-6
0,3.7646883114152415e-5,2.845070711646744e-5,2.621298735398885e-5,3.078926940999214e-5,39580,6.857613704160277e-6
250,5.647641975447607e-6,4.441058162074007e-6,3.786441693672831e-6,5.2223941627299204e-6,39580,4.2524781271768676e-7
500,9.9041724969164e-6,6.794545903331857e-6,5.9298058289135334e-6,7.885643588959522e-6,39580,2.018528907956877e-6
1000,1.2664308920588523e-5,8.619807025627787e-6,7.622084072692586e-6,9.391633076475435e-6,39580,3.2726758441130874e-6
0,1.8922285128287106e-5,1.855667227409833e-5,1.610842508342424e-5,2.0704622370029987e-5,29820,0
250,5.105863788801408e-6,3.529294213463202e-6,2.9606602210623034e-6,4.142158772696203e-6,29820,9.63705016105205e-7
500,7.656626126566426e-6,8.221147558727928e-6,7.186510782863436e-6,9.27197615154484e-6,29820,0
1000,1.1895817083676417e-5,1.3150597577312492e-5,1.1720809481512075e-5,1.4474381518336238e-5,29820,0
0,2.5967430394028784e-5,1.5030885783216561e-5,1.291487740067098e-5,1.7315848852448123e-5,41700,8.65158154158066e-6
250,6.345058453727529e-6,3.736931154635126e-6,3.173985226763188e-6,4.435317609786255e-6,41700,1.9097408439412736e-6
500,8.158743720166502e-6,3.5749993977693663e-6,2.7851470591952203e-6,4.444134350401675e-6,41700,3.714609369764827e-6
1000,1.0523993872412062e-5,5.27843689292711e-6,4.563507897202174e-6,6.485732917892689e-6,41700,4.038260954519373e-6
0,5.879306177334213e-5,2.6947224775713323e-5,2.221586300422368e-5,3.273440215034081e-5,40380,2.605865962300132e-5
250,1.645753254023934e-5,6.3021858302657e-6,5.10331360437659e-6,7.6326158014891e-6,40380,8.824916738750239e-6
500,2.5376464196038042e-5,8.813924999426988e-6,6.084077192282229e-6,1.2949751604151818e-5,40380,1.2426712591886224e-5
1000,2.4278030628001346e-5,1.4040728801860645e-5,1.1107981115013123e-5,1.697207593262926e-5,40380,7.305954695372086e-6
0,3.1188785357267724e-5,2.2175574554996337e-5,2.0039803528513996e-5,2.4752534901755704e-5,47260,6.43625045551202e-6
250,8.959214768601327e-6,4.619000976991949e-6,4.061602382603634e-6,5.1974937337586694e-6,47260,3.761721034842658e-6
500,1.2815738959762454e-5,7.246567540994316e-6,6.334924522762447e-6,8.377650606107281e-6,47260,4.438088353655173e-6
1000,1.2059082289224179e-5,1.1329519338855872e-5,9.431966969973914e-6,1.401264781604003e-5,47260,0
0,3.53976140667697e-5,2.2300246651372974e-5,1.813880427183762e-5,2.722364550817929e-5,31140,8.173968558590411e-6
250,2.0930184363480623e-5,7.64491664529761e-6,5.789141333725178e-6,9.827447954960268e-6,31140,1.1102736408520355e-5
500,2.8536212615162356e-5,8.464539969965734e-6,5.655022406165252e-6,1.1443159251695051e-5,31140,1.7093053363467305e-5
1000,2.9953290012819067e-5,1.364639510531262e-5,1.115297358045682e-5,1.7693227903852394e-5,31140,1.2260062108966673e-5
0,4.07672571523216e-5,2.1424888638919455e-5,1.768702398926374e-5,2.5496784241815942e-5,27260,1.5270472910505655e-5
250,8.276457277073175e-6,5.137699285410725e-6,4.2946089761032574e-6,5.727023583698346e-6,27260,2.549433693374829e-6
500,7.514265241646303e-6,4.696694988485748e-6,3.949428786776994e-6,5.995311328842005e-6,27260,1.5189539128042975e-6
1000,1.0458885647844613e-5,7.899584420473975e-6,6.585342403374794e-6,9.425292863632219e-6,27260,1.0335927842123942e-6
0,3.6220893879667146e-5,1.889313402992771e-5,1.5173534149741863e-5,2.3962489531217393e-5,15380,1.2258404348449753e-5
250,2.5272177062544525e-5,7.773787380896143e-6,6.529992241953116e-6,9.825968793456146e-6,15380,1.5446208269088378e-5
500,2.7855551192547994e-5,7.34857065751245e-6,5.312057521505806e-6,1.0580757458743083e-5,15380,1.727479373380491e-5
1000,3.2943414023802146e-5,1.0250666749449057e-5,7.347694793971628e-6,1.3488140787632991e-5,15380,1.9455273236169153e-5
0,4.777498388758741e-5,2.3337699585158518e-5,2.0345258855446266e-5,2.68545267589617e-5,40060,2.092045712862571e-5
250,1.346850098423679e-5,6.286694622258281e-6,5.2966500524529205e-6,7.612110416953517e-6,40060,5.856390567283274e-6
500,2.2186299968760047e-5,9.789735864234168e-6,7.959238138277487e-6,1.1867622426399142e-5,40060,1.0318677542360906e-5
1000,2.089621822425251e-5,1.0935110498069126e-5,8.916899717662346e-6,1.2825794627231176e-5,40060,8.070423597021333e-6
0,2.642424752504757e-5,2.7051237920216286e-5,1.816107902891178e-5,4.0819261975411243e-5,46140,0
250,1.6760896521942173e-5,1.060217246636004e-5,7.181967369624103e-6,1.4638272596225999e-5,46140,2.122623925716174e-6
500,1.603610373043892e-5,7.294094506668109e-6,4.884048110605913e-6,9.742371335629374e-6,46140,6.293732394809544e-6
1000,1.9592069489214938e-5,1.1979593193745606e-5,9.57303926441357e-6,1.5360529780348824e-5,46140,4.231539708866114e-6
0,7.812413651215923e-5,6.92506960574349e-5,6.271594507033998e-5,7.497089811352395e-5,14500,3.15323839863528e-6
250,6.348924020663498e-5,3.290460488630283e-5,2.6392713199495386e-5,3.9089080171260924e-5,14500,2.4400160035374055e-5
500,7.170441413562365e-5,4.436990554000851e-5,3.94401158893288e-5,5.172518958893025e-5,14500,1.99792245466934e-5
1000,5.8216507882865585e-5,5.2609540523527396e-5,4.832178392618242e-5,5.7488721684413295e-5,14500,7.277861984522895e-7
0,3.396267004039591e-5,1.886279226254511e-5,1.4970900879407782e-5,2.273097679745652e-5,36420,1.1231693242939394e-5
250,1.2754465484156442e-5,5.828373779692657e-6,4.756859858613582e-6,7.166838513238795e-6,36420,5.587626970917647e-6
500,1.0573145067903708e-5,4.67489822416606e-6,3.5644384157696423e-6,6.347021321593996e-6,36420,4.226123746309711e-6
1000,1.1521495001278211e-5,8.237093890717635e-6,6.097948809946291e-6,1.0405632740838263e-5,36420,1.1158622604399477e-6
0,1.1702471046725119e-4,3.1682718350837154e-5,2.4145706830444164e-5,3.816064002880581e-5,19430,7.886407043844538e-5
250,2.9274774055145503e-5,8.953467788351473e-6,7.4246159648439336e-6,1.0997856538393425e-5,19430,1.8276917516752078e-5
500,2.3310805681330305e-5,9.025987730486717e-6,7.118773316274287e-6,1.1228439888183826e-5,19430,1.2082365793146479e-5
1000,3.636513634912711e-5,1.2922208082033077e-5,1.0613176492696597e-5,1.564954928366588e-5,19430,2.0715587065461233e-5
0,4.411349778633022e-5,4.816040937647492e-5,4.1125970992462924e-5,5.398025673638677e-5,37100,0
250,1.3552253863970029e-5,1.5416209541953944e-5,1.2654476350719623e-5,1.7783255547499966e-5,37100,0
500,1.7200834500887793e-5,2.586223650868576e-5,2.1549332287109462e-5,3.107117064249021e-5,37100,0
1000,1.992898335704137e-5,2.257683917793093e-5,1.8393040931092393e-5,2.6841054762202825e-5,37100,0
0,8.379836941891114e-5,2.0147483636952686e-5,1.6036990574441257e-5,2.542632847784313e-5,49340,5.8372040941068e-5
250,2.7014685820284605e-5,7.90064367362748e-6,6.259898742886955e-6,9.611907194440297e-6,49340,1.740277862584431e-5
500,1.0918996513935337e-5,4.708796573122692e-6,3.1909746077461263e-6,6.338642972092647e-6,49340,4.58035354184269e-6
1000,2.405984230365071e-5,7.262112168813373e-6,5.2315061831376826e-6,9.406320775127275e-6,49340,1.4653521528523436e-5
0,1.1788544526577092e-4,6.721022333064356e-5,5.743253813504139e-5,8.108981343688383e-5,39340,3.679563182888709e-5
250,1.518795805456024e-5,8.916351146353657e-6,7.416030824850122e-6,1.0324689793822703e-5,39340,4.863268260737536e-6
500,3.0516483572560044e-5,1.6441647460797033e-5,1.3393884480534637e-5,1.996016670690772e-5,39340,1.0556316865652324e-05
1000,3.505378493515975e-5,2.391723851514725e-5,2.087034193931572e-5,2.7349072861916762e-05,39340,7.704712073242987e-6
0,3.62215641302786e-5,2.71565259511175e-5,1.9975020563612795e-5,3.684719345084586e-5,10420,0
250,1.7576843227417117e-5,9.93656284512056e-6,7.71964042493646e-6,1.329227758397985e-5,10420,4.284565643437266e-6
500,1.2287748837824632e-5,7.3791099789044505e-6,4.856815316646876e-6,1.0457186671823363e-5,10420,1.8305621660012698e-6
1000,1.4638786517744215e-5,1.5130218399320365e-5,1.170091078618977e-5,1.9540682718424816e-5,10420,0
0,2.5793858216157647e-5,2.42977578569969e-5,1.7823735593645954e-5,3.2901952696439935e-5,24860,0
250,1.3968652125493067e-5,9.622670214574401e-6,7.603491119074356e-6,1.2453812436572943e-5,24860,1.5148396889201237e-6
500,1.7433802123612198e-5,5.566440130455469e-6,3.673117546308701e-6,7.920181048004426e-6,24860,9.513621075607773e-6
1000,1.974708244671354e-5,8.61721806808358e-6,5.959927779316694e-6,1.2607494719995525e-5,24860,7.139587726718017e-6
0,7.395688561172986e-5,2.9605266168977177e-5,2.520088688893805e-5,3.612727665813225e-5,31540,3.782960895359761e-5
250,3.054689007992371e-5,1.0926134903627184e-5,8.711379735863004e-6,1.30204430571326e-5,31540,1.7526447022791106e-5
500,4.389750742995791e-5,1.6341666715622087e-5,1.343212343369816e-5,2.0316047000268308e-5,31540,2.3581460429689604e-5
1000,3.4348060164265284e-5,1.443706902361059e-5,1.2002028622307181e-5,1.7226094240373576e-5,31540,1.7121965923891708e-5
0,5.2091966645755736e-5,1.903122764230027e-5,1.5167730288627088e-5,2.33037025690307e-5,13820,2.8788264076725035e-5
250,2.1341883638424236e-5,7.565867421207443e-6,6.152139351031937e-6,9.49188754916485e-6,13820,1.1849996089259386e-5
500,2.9872165915365368e-5,8.552586377598411e-6,6.34677411712724e-6,1.1806718645936078e-5,13820,1.8065447269429288e-5
1000,2.601016879335321e-5,1.0561099594996649e-5,8.070708511233138e-6,1.4533677004917658e-5,13820,1.1476491788435552e-5
0,4.3263252972659004e-5,3.589257343130752e-5,3.125941737154289e-5,3.9882400029123984e-5,17820,3.38085294353502e-6
250,1.8465029173696164e-5,1.1109558769297799e-5,9.23783928587963e-6,1.2704588730049314e-5,17820,5.76044044364685e-6
500,1.726871407387501e-5,1.5253436720475843e-5,1.2724805012449908e-5,1.7949496905691145e-5,17820,0
1000,1.7336901239310426e-5,2.2568268258393463e-5,1.9675603848866455e-5,2.6112915304256077e-5,17820,0
0,3.850394597276573e-5,2.1487229554763242e-5,1.5495831100054987e-5,2.9990116306303766e-5,24660,8.513829666461965e-6
250,1.6861621238560804e-5,9.832443539063064e-6,7.3391498569386355e-6,1.312534526388708e-5,24660,3.7362759746737245e-6
500,1.815960378967525e-5,8.157687485901525e-6,5.778426246067095e-6,1.1294386090420201e-5,24660,6.865217699255049e-6
1000,1.868879780141993e-5,1.0255252699172276e-5,7.571543912236576e-6,1.388236089949962e-5,24660,4.80643690192031e-6
0,4.829155434779374e-5,2.8211713356587723e-5,2.5455409069196634e-5,3.162886356611084e-5,10580,1.6662690781682897e-5
250,1.908205527164807e-5,9.334210828834624e-6,7.654833111473153e-6,1.0995976414264121e-5,10580,8.086078857383948e-6
500,1.3545316350127641e-5,8.469086636086795e-6,6.915849194520676e-6,1.0131508933991743e-5,10580,3.413807416135898e-6
1000,1.4027480541889414e-5,1.1122971565708044e-5,8.767902663511143e-6,1.295035761430418e-5,10580,1.0771229275852338e-6
0,4.2752857743045874e-5,4.586834329863621e-5,3.078721555738145e-5,7.025250129733789e-5,14260,0
250,3.538948960378088e-5,1.4853968181298705e-5,1.1613150201153541e-5,1.839816481851162e-5,14260,1.699132478526926e-5
500,4.174842298302312e-5,1.4967885518441044e-5,1.0350877316166916e-5,1.9750373579701945e-5,14260,2.1998049403321174e-5
1000,3.102867719816655e-5,2.0680548243296114e-5,1.5674344767223013e-5,2.6465053131287976e-5,14260,4.563624066878574e-6
0,6.856076314680036e-5,2.6082979499089905e-5,1.8999935614142743e-5,4.0675687982840666e-5,42220,2.7885075163959693e-5
250,5.182872266498201e-5,1.4676571220806368e-5,9.978368246545619e-6,2.1229543575124097e-5,42220,3.059917908985791e-5
500,4.085102600312343e-5,9.491578737289716e-6,5.528093196660865e-6,1.3739036772299336e-5,42220,2.7111989230824092e-5
1000,3.496070349598498e-5,1.3101182400125359e-5,8.688060587768125e-6,1.958142066483239e-5,42220,1.537928283115259e-5
0,6.955223423401013e-5,4.050477551913961e-5,3.318981280405263e-5,4.881786566317932e-5,10740,2.0734368570830812e-5
250,2.5511048278133675e-5,1.5390120831096437e-5,1.2212800225350965e-5,1.8298632452899188e-5,10740,7.2124158252344866e-6
500,2.2918847648847997e-5,1.7760723080742393e-5,1.4275960197398371e-5,2.137066721878745e-5,10740,1.548180430060547e-6
1000,1.9581671551207974e-5,2.069702399359039e-5,1.6326739846715263e-5,2.4570975472714885e-5,10740,0
0,3.177101247102797e-5,2.1147983435029137e-5,1.6050182417410157e-5,2.7404317075685586e-5,35380,4.3666953953423855e-6
250,3.371518861051053e-5,1.0120429585979802e-5,7.363067850638094e-6,1.3319367918198722e-5,35380,2.039582069231181e-5
500,4.0691509469746495e-5,1.1656609017977814e-5,7.741861309707563e-6,1.5577384374400517e-5,35380,2.5114125095345978e-5
1000,2.4796873434203477e-5,1.3511239394276017e-5,9.99468624176738e-6,1.7254927057573826e-5,35380,7.5419463766296515e-6
0,1.1886880019055946e-4,2.0641411478488155e-5,1.2501086288155275e-5,3.234963000653118e-5,29540,8.651917018402828e-5
250,6.159266433676918e-5,1.240125842550164e-5,8.19742919151734e-6,1.82336802842907e-5,29540,4.3358984052478474e-5
500,4.11784346058576e-5,8.215480129894237e-6,4.752078611470551e-6,1.1995221169052871e-5,29540,2.918321343680473e-5
1000,3.336243983717185e-5,1.0953486970912532e-5,7.131036285574851e-6,1.7068417067433127e-5,29540,1.629402276973872e-5
0,3.170494583914442e-5,2.0172075785022442e-5,1.449198613760681e-5,2.981894158986692e-5,10900,1.8860042492774997e-6
250,1.8502422896892818e-5,9.942508022857486e-6,6.761714902414425e-6,1.388397079440951e-5,10900,4.618452102483308e-6
500,1.634757579707487e-5,6.7457052641302805e-6,4.017178986409031e-6,9.879737734650782e-6,10900,6.467838062424089e-6
1000,1.4761593621252526e-5,1.1224444526503092e-5,7.265601352534537e-6,1.4485794032495567e-5,10900,2.757995887569592e-7
0,8.541033417435476e-5,5.475112114337544e-5,5.006060583219435e-5,5.9945590762976234e-5,20500,2.5464743411378523e-5
250,3.1224776033907245e-5,2.3988634118377973e-5,1.9548082195577e-5,2.8618465314500916e-5,20500,2.606310719406329e-6
500,4.429187530396204e-5,3.0832678678129773e-5,2.6093546794991415e-5,3.487005562067022e-5,20500,9.42181968329182e-6
1000,3.535616799672055e-5,2.3074646192920438e-5,1.998788592782479e-5,2.608307110888251e-5,20500,9.273096887838041e-6
0,3.068560292792081e-5,2.1973633443214082e-5,1.7922768349964625e-5,2.523570284469749e-5,36540,5.449900083223318e-6
250,1.3632307816718708e-5,7.387883214916473e-6,5.9335424157132765e-6,8.713874280763211e-6,36540,4.918433535955497e-6
500,1.4854770226096048e-5,9.868422897859954e-6,7.892126669495934e-6,1.1911912909703082e-5,36540,2.9428573163929665e-6
1000,1.5239458560245928e-5,1.3321830310475587e-5,1.1414717079590483e-5,1.6133908462804806e-5,36540,0
0,5.107283119450632e-5,1.8287697733064982e-5,1.3263288405756391e-5,2.425894074394855e-5,32820,2.6813890450557767e-5
250,3.3817804318018714e-5,9.1227491839003e-6,7.134961371493972e-6,1.1856307144817693e-5,32820,2.196149717320102e-5
500,2.3353751378542947e-5,5.670214665086977e-6,3.576951000950925e-6,8.763085855909602e-6,32820,1.4590665522633345e-5
1000,2.31415791027011e-5,8.171018582615098e-6,5.773644367421416e-6,1.06995099079255e-5,32820,1.24420691947756e-5
0,2.1633702677899348e-5,3.7323325736256485e-5,2.8114985528259924e-5,4.7975652135840955e-5,35840,0
250,9.430046805082043e-6,1.027278839341629e-5,8.355923284027349e-6,1.2977535607086143e-5,35840,0
500,1.0642804712697638e-5,9.375749236917472e-6,7.390362450455085e-6,1.1663425895658353e-5,35840,0
1000,1.744318931755954e-5,1.8580509032146402e-5,1.5361355295506683e-5,2.208827949196844e-5,35840,0
0,3.800879270734658e-5,3.3884968608332684e-5,2.8061534450388084e-5,4.051320078735162e-5,46060,0
250,1.7218248758923898e-5,1.2534935870049712e-5,1.0144509111591328e-5,1.5051770474366958e-5,46060,2.1664782845569393e-6
500,1.4437225388020092e-5,1.5207122234140478e-5,1.2253117524873665e-5,1.877725991213643e-5,46060,0
1000,1.4313902960088573e-5,1.5918237035808905e-5,1.2577194488287161e-5,2.026732036471796e-5,46060,0
0,5.820388662822702e-5,3.4970240715909423e-5,2.7238341419882582e-5,4.5102355011579795e-5,38860,1.3101531616647224e-5
250,6.37668761475678e-5,1.7015776548491626e-5,1.2276079871379161e-5,2.28006199753135e-5,38860,4.0966256172254295e-5
500,6.747545113020065e-5,1.3791757273643382e-5,7.618492410290008e-6,2.5432014850497164e-5,38860,4.204343627970348e-5
1000,4.081592557233386e-5,1.5533626353036073e-5,1.0625386827445764e-5,2.2470593346423277e-5,38860,1.834533222591058e-5
0,3.6138562357779056e-5,4.054724831089244e-5,3.177779535674954e-5,5.179849797713009e-5,36260,0
250,1.6627368559081578e-5,1.274124225779469e-5,9.610835850984798e-6,1.620915809775607e-5,36260,4.182104613255065e-7
500,2.3063059078994527e-5,1.8183060958330396e-5,1.306375855144634e-5,2.3651966863633167e-5,36260,0
1000,2.2947398357129353e-5,2.3579054198256047e-5,1.967316037059805e-5,3.166438905409955e-5,36260,0
0,5.320810249474203e-5,3.642803343627302e-5,2.4377750974819223e-5,5.578209487093533e-5,28940,0
250,1.8953122234877388e-5,1.5605357606326767e-5,1.0735428497053525e-5,2.1960300164399683e-5,28940,0
500,1.3181698394520443e-5,6.204770836815462e-6,4.339044617240619e-6,8.727719090387521e-6,28940,4.453979304132922e-6
1000,2.160298404466378e-5,9.69201711890967e-6,6.811262660260807e-6,1.3444946461429016e-5,28940,8.158037583234763e-6
0,7.848967852006331e-5,6.567802632397217e-5,1.7817673821822936e-5,1.6241111739798543e-4,21140,0
250,6.604825000114675e-5,4.407487873199974e-5,1.3977806865703368e-5,9.353876076718735e-5,21140,0
500,4.22002379677866e-5,2.8071548926265397e-5,9.129867598158267e-6,5.1512474231171094e-5,21140,0
1000,2.540907765239666e-5,3.124960552853045e-5,1.0685270075285314e-5,6.824054643122821e-5,21140,0
0,7.282851323695873e-5,6.40666980754716e-5,5.310579173272275e-5,7.797203892046118e-5,31700,0
250,2.4165759444260632e-5,1.5985563259930875e-5,1.3824241950926322e-5,1.840201089974563e-5,31700,5.763748544515003e-6
500,3.5509775618584456e-5,1.8082179878261548e-5,1.3246739899104553e-5,2.2965685053853076e-5,31700,1.254409056473138e-5
1000,3.833692669320492e-5,2.6999178550425408e-5,2.042696597754314e-5,3.2372258131572637e-5,31700,5.9646685616322834e-6
0,1.1492153635420018e-4,7.581060438453312e-5,6.672619297432868e-5,8.300670130959064e-5,45940,3.191483504460954e-5
250,2.9222947357722088e-5,1.9733024657269345e-5,1.68951416612424e-5,2.2742983365866573e-5,45940,6.4799639918555144e-6
500,2.305471959862453e-5,1.5714327886658653e-5,1.2809251140992317e-5,1.830803271509603e-5,45940,4.746686883528498e-6
1000,2.5030731876724277e-5,2.1294789612674914e-5,1.743266312550171e-5,2.4296062678527647e-5,45940,7.346691981966296e-7
0,4.3339592770920924e-5,4.188604153571998e-5,3.221745416536873e-5,5.920113552155675e-5,16700,0
250,1.4174345887893395e-5,1.5140712030845462e-5,1.2238505596129491e-5,1.950092886056183e-5,16700,0
500,1.0639441075210936e-5,7.383063800193518e-6,5.6050527877479045e-6,9.57181934675628e-6,16700,1.0676217284546557e-6
1000,2.2278714920435327e-5,9.561169668293909e-6,6.973346692870085e-6,1.2244764428714034e-5,16700,1.0033950491721294e-5
0,1.0194604533979106e-4,4.831746431474006e-5,3.9505222199638275e-5,6.113072001602576e-5,46520,4.0815325323765304e-5
250,1.0225426848767721e-4,3.954638064837956e-5,2.9283791812599677e-5,4.9053468598012145e-5,46520,5.320079988966507e-5
500,5.004914913304498e-5,4.5374960519282624e-5,3.7677431436304283e-5,5.452566801727446e-5,46520,0
1000,3.2362921422085346e-5,4.8102717296372684e-5,3.919651413609157e-5,5.8824984893399134e-5,46520,0
0,5.564275363802764e-5,3.623210178491331e-5,2.8289031531064533e-5,4.468067716667254e-5,19780,1.0962076471355101e-5
250,1.920512871912903e-5,1.0600904444663039e-5,8.5760606340121e-6,1.3217596386115013e-5,19780,5.987532333014018e-6
500,2.5629614099024085e-5,1.0193644040394366e-5,7.427529390420883e-6,1.3081468341742331e-5,19780,1.2548145757281754e-5
1000,2.656999557872743e-5,1.6729610328247826e-5,1.2913740664037787e-5,2.044633297088515e-5,19780,6.123662607842278e-6
0,3.0416594524519586e-5,2.3976336639691047e-5,1.6156367975253566e-5,3.693900040908955e-5,44140,0
250,2.2991680561649527e-5,1.4707985533903116e-5,1.0269866224164578e-5,2.197938838276287e-5,44140,1.0122921788866553e-6
500,1.4806318109391798e-5,8.591119289824978e-6,5.0295874270923405e-6,1.4446387572644112e-5,44140,3.599305367476857e-7
1000,1.5876808048270126e-5,1.192525588861988e-5,7.268106313981138e-6,1.7748130575723885e-5,44140,0
0,4.950940712092623e-5,5.4619298946679945e-5,4.2552104653738734e-5,6.452538942161988e-5,37340,0
250,1.2120329791187808e-5,1.1808600662669783e-5,1.0109823174959782e-5,1.3952832316232259e-5,37340,0
500,1.2044381069714285e-5,9.069192937987438e-6,6.123807405167441e-6,1.2515871015994234e-5,37340,0
1000,1.991319734800459e-5,2.5436996796826634e-5,1.8385477513170655e-5,3.2811806956572156e-5,37340,0
0,4.3169740647865175e-5,3.812022419372106e-5,1.9778072634911245e-5,7.415182898638747e-5,45780,0
250,3.541921751529599e-5,2.251139498131127e-5,1.3354055018928039e-5,3.843004837272251e-5,45780,0
500,3.7260877358731936e-5,9.245521502653905e-6,7.067382198831451e-6,1.2498261476048561e-5,45780,2.4762615882683375e-5
1000,2.459151287817659e-5,8.725156279421301e-6,4.627400948185049e-6,1.2678482664945642e-5,45780,1.1913030213230947e-5
0,8.098664437428012e-5,5.984154878590987e-5,4.511272549345075e-5,7.690771445290945e-5,39900,4.078929921370671e-6
250,4.4342782953127126e-5,2.6448945082957993e-5,2.0468997904467326e-5,3.210397378175998e-5,39900,1.2238809171367146e-5
500,7.135679982288182e-5,4.181972361406423e-5,3.368670180698498e-5,5.0208672394239765e-5,39900,2.1148127428642055e-5
1000,6.240166406721555e-5,4.527434270201674e-5,3.4289469567300384e-5,5.514136409434332e-5,39900,7.260299972872234e-6
0,1.2817751157441165e-4,6.502638614155749e-5,5.375979003309193e-5,7.534607411737007e-5,26620,5.2831437457041575e-5
250,2.5921148689949243e-5,1.5141853994656053e-5,1.2293441664640223e-5,1.8474458026328768e-5,26620,7.446690663620475e-6
500,4.806701899897341e-5,3.0495850077595845e-5,2.3205858468327806e-5,3.9298066758108375e-5,26620,8.768952240865032e-6
1000,6.906210493791617e-5,3.136177189989526e-5,2.4607733472625775e-5,3.788761899912334e-5,26620,3.117448593879283e-5
0,7.017116557388628e-5,2.6391223923549298e-5,1.8587887247158484e-5,3.693463636372506e-5,49180,3.3236529210161226e-5
250,6.083218483533448e-5,1.4725599588971069e-5,1.0888611836827834e-5,1.940439966067372e-5,49180,4.142778517466076e-5
500,8.481953114423359e-5,9.297376325467014e-6,5.688712453837753e-6,1.6093170956555427e-5,49180,6.872636018767816e-5
1000,3.68540056903655e-5,1.1080187290458694e-5,7.5015669227314404e-6,1.4865463653903236e-5,49180,2.1988542036462264e-5
0,1.5286382618373535e-4,6.81205200866249e-5,5.6622071121015755e-5,8.031793181045198e-5,42200,7.254589437328336e-5
250,6.393500324508674e-5,4.240728470451195e-5,3.504736768246241e-5,5.223453095107341e-5,42200,1.1700472294013326e-5
500,8.293448149148377e-5,4.104999481925304e-5,3.150471247006124e-5,5.196722803765323e-5,42200,3.096725345383054e-5
1000,7.994142631221201e-5,5.142791974244768e-5,4.133272653629409e-5,6.366014930231687e-5,42200,1.628127700989514e-5
0,8.870290893763675e-5,4.536483459114324e-5,3.539345052146239e-5,5.79926265399949e-5,44060,3.0710282397641854e-5
250,6.248413815796714e-5,2.6398897572211624e-5,1.908773080716977e-5,3.537480528642407e-5,44060,2.7109332871543074e-5
500,5.308370684549847e-5,3.149798527004641e-5,2.2527164509073454e-5,4.200072991977872e-5,44060,1.108297692571975e-5
1000,4.7540392638258145e-5,2.879924763129969e-5,1.93576488497244e-5,3.8828078802001045e-5,44060,8.7123138362571e-6
0,7.340291925575114e-5,7.829370043755041e-5,6.0713609311287324e-5,1.0085613299924807e-4,22660,0
250,3.157093744899755e-5,2.3783079539091448e-5,1.996291460738788e-5,2.9194820340992566e-5,22660,2.3761171080049837e-6
500,4.64798393357232e-5,2.2997589575984408e-5,1.6441831604185197e-5,3.067041797114166e-5,22660,1.5809421364581536e-5
1000,5.0565336747616914e-5,3.146920272479811e-5,2.4686967478377438e-5,3.791042317679758e-5,22660,1.2654913570819334e-5
0,4.269730923869902e-5,2.0895456887300002e-5,1.4862066862898169e-5,2.778566234851076e-5,12940,1.491164689018826e-5
250,2.0124886493007432e-5,1.0603484512293567e-5,7.5704286355367785e-6,1.3595323760885414e-5,12940,6.5295627321220185e-6
500,2.348771831227868e-5,7.798554754975976e-6,5.1789749750584066e-6,1.0707401020323278e-5,12940,1.2780317291955403e-5
1000,4.021450863431182e-5,1.2508133817426608e-5,8.426332044264004e-6,1.7550927479603298e-5,12940,2.266358115470852e-5
0,5.912989436000016e-5,2.8081770228311714e-5,1.639183110607638e-5,3.9757103584814865e-5,48620,1.9372790775185293e-5
250,3.0678823587337604e-5,1.5343462992467734e-5,9.811385741695433e-6,2.0576392858453956e-5,48620,1.0102430728883647e-5
500,3.3093293493738986e-5,1.2995501776573884e-5,7.462268658782101e-6,2.1520732160114258e-5,48620,1.1572561333624728e-5
1000,3.666524090456364e-5,2.3399041498384282e-5,1.3024345249320727e-5,3.5797020341511234e-5,48620,8.682205630524065e-7
0,1.5998230884039008e-4,9.185215968139735e-5,7.859457137588004e-5,1.0595714991258273e-4,11460,5.4025158927807355e-5
250,9.376966772511639e-5,4.577196837308805e-5,3.5394743290000465e-5,5.898979487565485e-5,11460,3.477987284946154e-5
500,8.895984238334973e-5,4.6140761566275424e-5,3.664630217707957e-5,6.0404869112858274e-5,11460,2.855497327049146e-5
1000,4.624537418727677e-5,3.261287219499513e-5,2.641229425663513e-5,3.9414557489070226e-5,11460,6.830816698206541e-6
0,4.2403592511504684e-5,3.0098626276465057e-5,2.254564239154775e-5,3.8324685023350416e-5,17900,4.078907488154268e-6
250,4.2538479691778424e-5,1.4583004649507287e-5,1.0717989645378209e-5,1.8022968170718626e-5,17900,2.4515511521059798e-5
500,3.990909799658078e-5,9.247149151785098e-6,6.017756427139606e-6,1.3985702758794462e-5,17900,2.592339523778632e-5
1000,3.012870802534435e-5,9.082989753769772e-6,5.686765092402107e-6,1.2176480161638318e-5,17900,1.7952227863706033e-5
0,6.640856029147304e-5,2.7457102736566604e-5,1.983217923113548e-5,3.5227274189770206e-5,30780,3.1181286101702833e-5
250,4.135943292680537e-5,1.2972932944070829e-5,9.701428619773604e-6,1.6981353640293744e-5,30780,2.4378079286511624e-5
500,4.9605740100516324e-5,1.1231094156185944e-5,7.112175195466967e-6,1.5882993246308464e-5,30780,3.372274685420786e-5
1000,3.7706178633935424e-5,1.5251942487344754e-5,1.0321446382304357e-5,2.0526674741210143e-5,30780,1.717950389272528e-5
0,7.352141596532261e-5,1.9785264043167547e-5,7.991598820377736e-6,4.308883378956435e-5,25860,3.0432582175758267e-5
250,6.526597373934856e-5,1.5969646357181457e-5,6.1243613693552695e-6,3.376890133226909e-5,25860,3.149707240707947e-5
500,5.985683400587087e-5,1.2764414076320609e-5,4.547344120302512e-6,2.3119118016393384e-5,25860,3.673771598947749e-5
1000,4.009506084007736e-5,1.5961724090095048e-5,8.035893104688181e-6,3.0178239135540686e-5,25860,9.916821704536676e-6
0,5.632033771148524e-5,5.2558974296577424e-5,3.907608618924096e-5,7.103146929183807e-5,30460,0
250,2.7144233959835998e-5,1.7533052063082516e-5,1.3835449723204972e-5,2.1180209114525006e-5,30460,5.964024845310992e-6
500,2.8597066960146115e-5,1.5384902787019556e-5,1.1076130933497546e-5,1.996937123659126e-5,30460,8.627695723554854e-6
1000,3.616535236698317e-5,2.2556978251705026e-5,1.7076536561943358e-5,2.758108078682623e-5,30460,8.58427158015694e-6
0,3.762613005050192e-5,3.502230605458825e-5,2.357302893932513e-5,4.850631609191588e-5,11700,0
250,4.337825485688633e-5,1.8405110129492444e-5,1.3037874749202027e-5,2.5053110237422098e-5,11700,1.8325144619464233e-5
500,5.8438443014347075e-5,1.475448228561297e-5,8.662436283282872e-6,2.5218073662743414e-5,11700,3.322036935160366e-5
1000,3.6510108680611176e-5,1.6983336402215817e-5,1.1537217389998e-5,2.7484921102249077e-5,11700,9.0251875783621e-6
0,2.7958521742909865e-5,1.7530159771319926e-5,7.957998128927375e-6,3.829076273137222e-5,49660,0
250,2.197911522460461e-5,1.3764884465377296e-5,7.255943647898337e-6,2.7389983272999566e-5,49660,0
500,2.46311616265631e-5,1.022742902027676e-5,5.132720511093864e-6,2.053127008811424e-5,49660,4.09989153844886e-6
1000,3.4601428184909095e-5,1.0701473403003741e-5,4.433950481950862e-6,2.2768130321818044e-5,49660,1.1833297863091051e-5
0,6.910972710555249e-5,3.416914066468746e-5,2.6390585262374662e-5,4.3109924823438524e-5,25420,2.5999802282113966e-5
250,3.807254768001881e-5,1.6708259642106043e-5,1.2893593157454565e-5,2.1934515295275878e-5,25420,1.6138032384742935e-5
500,3.024003567036567e-5,9.457475589405351e-6,6.47831067499324e-6,1.3373271686030507e-5,25420,1.6866763984335163e-5
1000,1.5957426882134154e-5,8.658329336887249e-6,5.578257114482535e-6,1.1547213478845703e-5,25420,4.4102134032884505e-6
0,1.0689149506533678e-4,3.972442303894711e-5,2.9847289346982342e-5,5.835747935757864e-5,45060,4.853401570775814e-5
250,7.788474739230384e-5,1.9379306490271935e-5,1.4073858537954354e-5,2.763613230256368e-5,45060,5.024861508974015e-5
500,8.443374898079131e-5,1.749336214359624e-5,1.1020897999328677e-5,2.5953093184989527e-5,45060,5.848065579580179e-5
1000,4.779505362662977e-5,2.4132141805208223e-5,1.8310346902171647e-5,3.2056418416141225e-5,45060,1.5738635210488542e-5
0,2.7342631557362333e-05,3.038159329185669e-5,2.0223129129164104e-5,4.56081134477669e-5,23420,0
250,2.8491970327449997e-5,2.105547099952379e-5,1.4659738769359398e-5,2.9584476196865126e-5,23420,0
500,3.71740430448182e-5,1.887955118201806e-5,1.0638923998364823e-5,2.6563596869468573e-5,23420,1.0610446175349625e-5
1000,3.584111437981071e-5,2.0304216761858812e-5,1.109398565706924e-5,3.22493234294237e-5,23420,3.5917909503870073e-6
0,6.82651493792378e-5,3.908628338934047e-5,2.5064360867070976e-5,5.244603774244517e-5,21340,1.5819111636792637e-5
250,4.3840268439923075e-5,1.831303913168772e-5,1.2092478581891858e-5,2.4425601865216778e-5,21340,1.9414666574706297e-5
500,3.3473993441034835e-5,1.6075486071958e-5,9.674046614199941e-6,2.46264353302966e-5,21340,8.847558110738236e-6
1000,3.7908750459535955e-5,2.7859545440283636e-5,1.9698274766237256e-5,3.6776708848139496e-5,21340,1.1320416113964595e-6
0,4.290591279966973e-5,4.828535521533989e-5,2.289411577821951e-5,1.0788054513203641e-4,40420,0
250,3.207186437696566e-5,3.672588773239386e-5,1.8795116192116044e-5,7.646685315740453e-5,40420,0
500,1.7711401351179064e-5,2.6401519224526333e-5,1.5126940674375175e-5,4.335056787824777e-5,40420,0
1000,2.6829690761014672e-5,2.2201371604951224e-5,9.64049940656258e-6,4.138502072264809e-5,40420,0
0,5.236475414833098e-5,3.832649027463035e-5,2.6404648656963683e-5,5.584180626193818e-5,16860,0
250,6.133635432713694e-5,2.26683573923698e-5,1.525502301056438e-5,3.5193246931942e-5,16860,2.6143107395194934e-5
500,8.048295649298919e-5,1.6646439754140152e-5,8.960730270245463e-6,3.286747184081207e-5,16860,4.761548465217712e-5
1000,8.737788810507968e-5,2.1484247345750377e-5,1.2026067093500634e-5,3.348687866820072e-5,16860,5.389100943687897e-5
0,4.930872235973427e-5,3.5900651287786145e-5,2.3715939152825765e-5,5.509754036433258e-5,23060,0
250,4.761885231434921e-5,2.1481463824802838e-5,1.5008344230973322e-5,3.282035885940174e-5,23060,1.4798493454947466e-5
500,4.010467345825389e-5,1.3041495313907275e-5,8.073776051051145e-6,1.9822427340232246e-5,23060,2.0282246118021647e-5
1000,2.8089208835633477e-5,1.909609469363519e-5,1.1398331691198421e-5,2.8830761425450597e-5,23060,0
0,1.7550093163652905e-4,5.042294988751942e-5,3.9743204202135394e-5,6.83388643967488e-5,21660,1.0716206723978026e-4
250,1.952122624256439e-4,3.177810837182304e-5,2.3458318878976848e-5,4.5406078002060904e-5,21660,1.49806184423583e-4
500,1.5922229863761837e-4,3.6668576998372e-5,2.725479097994132e-5,5.0927747257119e-5,21660,1.0829455138049937e-4
1000,5.015492045999425e-5,4.2041669379901544e-5,3.278132944452568e-5,5.447566943196095e-5,21660,0
0,3.946585078441478e-5,2.9599264125377184e-5,1.6512381827806176e-5,5.1478648681948343e-5,49620,0
250,2.70177049787721e-5,1.9904175701887204e-5,1.182749096089843e-5,3.283529150258111e-5,49620,0
500,1.553680155547584e-5,1.346793176658013e-5,7.74843657973091e-6,1.9822077318639095e-5,49620,0
1000,1.750983675033402e-5,1.948257491188571e-5,1.2588280151639121e-5,3.285209205069816e-5,49620,0
0,5.489054615132248e-5,2.1530658525883745e-5,8.883838581277751e-6,3.8394656948548294e-5,29180,1.6495889202774188e-5
250,4.199101214825764e-5,1.4403869666612395e-5,6.009754691276158e-6,2.496619900840334e-5,29180,1.7024813139854297e-5
500,5.1135102834957425e-5,9.323885701081557e-6,4.933962823117262e-6,1.5919632880620172e-5,29180,3.521546995433725e-5
1000,5.817223507965465e-5,1.2437429415793109e-5,5.955216373555599e-6,1.983978881624979e-5,29180,3.8332446263404856e-5
0,4.070335349578278e-5,3.04851799673877e-5,1.5482703551485803e-5,5.1977423376097703e-5,44700,0
250,2.7602057825666826e-5,2.3865963473726988e-5,1.0876882274020327e-5,3.814565071144632e-5,44700,0
500,2.4758220056516275e-5,1.6809048060686942e-5,7.667144168248997e-6,2.8582887081318363e-5,44700,0
1000,4.098627963002089e-5,1.450812557866055e-5,6.462765364903019e-6,2.6569458058293e-5,44700,1.4416821571727891e-5
0,5.702733030141729e-5,3.641906746313353e-5,1.6278025269184293e-5,8.710907370212942e-5,15940,0
250,3.94291547992788e-5,2.640614040412426e-5,1.320300490928614e-5,5.7501820679019734e-5,15940,0
500,2.2338947630674897e-5,1.4369040634906616e-5,7.295450436165863e-6,2.4985132092904437e-5,15940,0
1000,2.8192666397504253e-5,1.808811821215531e-5,7.2867565384192685e-6,4.0433914160028164e-5,15940,0
0,8.148684109669046e-5,4.4149765521677516e-5,3.4765408096255116e-5,5.607792115567693e-5,22220,2.5408919941013535e-5
250,4.186884515750221e-5,1.836125215337056e-5,1.3895131239054775e-5,2.2948047425491053e-5,22220,1.8920797732011157e-5
500,4.6280579563914e-5,1.1160821033684092e-5,7.5436419972926175e-6,1.63669357518888e-5,22220,2.9913643812025203e-5
1000,5.874659044795639e-5,1.9918953752447358e-5,1.4086385277028465e-5,2.7675468391248183e-5,22220,3.107112205670821e-5
0,3.631983331503582e-5,3.7693732968824456e-5,2.3743750092348954e-5,6.130216643969244e-5,44180,0
250,2.5856737431195997e-5,2.0498274044140437e-5,1.3838146485652547e-5,2.8283372931180434e-5,44180,0
500,2.8146722417127578e-5,1.5992598333875666e-5,1.1443072860257182e-5,2.3268643098919483e-5,44180,4.878079318208095e-6
1000,3.609677577473383e-5,2.0035704949544442e-5,1.3068405680987836e-5,2.67183428433294e-5,44180,9.378432931404428e-6
0,1.0208244671427209e-4,2.049031095034663e-5,1.1007008478976222e-5,5.218947171980615e-5,42540,4.989297499446594e-5
250,7.947560605840167e-5,1.6095309694648613e-5,9.160116048829707e-6,3.457633693658335e-5,42540,4.489926912181832e-5
500,5.669149979390945e-5,1.0844724502107078e-5,6.35661611317221e-6,1.811929029728155e-5,42540,3.85722094966279e-5
1000,4.043107594042151e-5,9.712240544505522e-6,3.811874241597941e-6,1.6460218221154317e-5,42540,2.3970857719267196e-5
0,4.375779113433341e-5,3.705143831669692e-5,1.9509918259454435e-5,6.836581810063876e-5,24580,0
250,3.1370836931602444e-5,2.6959258557397762e-5,1.65658797481105e-5,4.700614175638401e-5,24580,0
500,2.6598483404850432e-5,1.887973537544187e-5,1.203395658188384e-5,2.917570836386387e-5,24580,0
1000,4.599805780253317e-5,2.2502228876959566e-5,1.0608503654966031e-5,3.6919231750695427e-05,24580,9.078826051837742e-6
0,2.988886907157252e-5,3.693772674091084e-5,2.7186241249780173e-5,4.797660997596167e-5,15980,0
250,1.4729941356270726e-5,1.757513331614229e-5,1.2883932372105654e-5,2.2070079459866445e-5,15980,0
500,1.3831270914655274e-5,1.389091836105287e-5,1.0039508130874205e-5,1.9458876700002385e-5,15980,0
1000,1.493749133151131e-5,1.355072173432412e-5,1.0200493992835292e-5,1.752501675690529e-5,15980,0
0,9.948489790772616e-5,5.607391890235147e-5,3.818119287053563e-5,8.132799054561893e-5,42020,1.8156907362107223e-5
250,5.6337303713063975e-5,3.111090818225474e-5,2.2460680817457825e-5,4.2007677249886285e-5,42020,1.432962646317769e-5
500,6.804280893998802e-5,1.7049896990164896e-5,1.1989935706641943e-5,2.4437581272366754e-5,42020,4.360522766762126e-5
1000,9.14271596625603e-5,2.333399813355055e-5,1.4033974357547735e-5,3.635542524360619e-5,42020,5.507173441895411e-5
0,1.6568143028083454e-5,3.8660361403976894e-5,2.631345222135119e-5,5.4898581906883466e-5,19660,0
250,1.1067365442677737e-5,2.0775984623820835e-5,1.4329604840448992e-5,2.808086577061072e-5,19660,0
500,7.234555455595635e-6,7.916360946404347e-6,5.457339008452211e-6,1.2417675718427479e-5,19660,0
1000,8.704407861243783e-6,1.0753152434484708e-5,6.6636159412504915e-6,1.692595046324105e-5,19660,0
0,1.305768087556394e-4,6.518106001593067e-5,2.5117164256812592e-5,1.5555078863410576e-4,34900,0
250,1.0013921882636126e-4,4.682127472150151e-5,2.2418614701150564e-5,9.061303186166991e-5,34900,9.526186964691345e-6
500,7.498348868459416e-5,2.96090691370592e-5,1.4027422603248817e-5,5.464423413731706e-5,34900,2.03392545472771e-5
1000,7.35540965384439e-5,2.769321276618065e-5,9.865509332746778e-6,5.851091174416079e-5,34900,1.5043184794283111e-5
0,1.7162948268572607e-4,5.692793925817251e-5,3.752271772808768e-5,8.536279992354961e-5,29620,8.626668276217646e-5
250,5.2587857980600584e-5,2.5822138453330927e-5,1.7815898570570813e-5,3.744060795848951e-5,29620,1.5147250022111076e-5
500,2.108293021324327e-5,1.0396157160302352e-5,6.140189018193373e-6,1.5034667492505293e-5,29620,6.048262720737979e-6
1000,6.710308642392148e-5,1.6224116605491717e-5,1.0308776596484265e-5,2.752896266166815e-5,29620,3.957412376225333e-5
0,5.1828767487013306e-5,3.289510745274145e-5,1.1849784508976486e-5,6.615290657385766e-5,39740,0
250,3.342243153371585e-5,2.2640326799878842e-5,1.1091375925660848e-5,3.8447665512124074e-5,39740,0
500,3.3120362109467656e-5,1.2213789087705384e-5,6.962428010432169e-6,2.031871188705138e-5,39740,1.2801650222416276e-5
1000,4.574025159320238e-5,1.4237963453772394e-5,6.803674097032638e-6,2.438806301656632e-5,39740,2.135218857663606e-5
0,8.782986065575767e-5,3.806242055444396e-5,2.2320973201494852e-5,5.9269136836115326e-5,41420,2.8560723819642343e-5
250,6.43942187399959e-5,2.443439591475776e-5,1.4281560728965978e-5,3.716334263607826e-5,41420,2.7230876103917646e-5
500,4.9532099869938206e-5,1.751137767374567e-5,1.0344343630241686e-5,2.7913728407138316e-5,41420,2.161837146279989e-5
1000,6.1002459637764166e-5,2.929115639896192e-5,1.5827966134430402e-5,5.222952932780872e-5,41420,8.772930309955445e-6
0,9.827066205514495e-5,3.7546401376586924e-5,1.5983371524618866e-5,6.454742678722049e-5,21500,3.372323526792446e-5
250,1.069130931104064e-4,2.9964185236274266e-5,1.2633969409074824e-5,5.190616234643498e-5,21500,5.500693076397142e-5
500,1.113561369728831e-4,2.693658755991906e-5,1.1985696011647837e-5,4.705529626234038e-5,21500,6.430084071054273e-5
1000,4.181136609804334e-5,3.819625776056733e-5,1.5839632774936387e-5,8.191334948084799e-5,21500,0
0,1.393534169477189e-4,3.771455691356451e-5,2.4752324628464683e-5,5.2161154669203725e-5,12540,8.719226227851519e-5
250,6.71320213601496e-5,2.2465200543939825e-5,1.4865619921167918e-5,3.067067018755963e-5,12540,3.646135117258997e-5
500,2.952488664830467e-5,1.427963362718993e-5,9.43469275990616e-6,2.1229149089175544e-5,12540,8.295737559129126e-6
1000,2.3358519194578005e-5,1.849774953435884e-5,1.1726348350901889e-5,2.7232455086654995e-5,12540,0
0,1.1046972429726266e-4,1.1902875433479419e-4,8.605429946306124e-5,1.6296091393356693e-4,13460,0
250,5.746403840167664e-5,4.971291625701761e-5,3.8745253668315536e-5,6.375589623553213e-5,13460,0
500,8.367452789433045e-5,5.589816678392297e-5,3.712728155774443e-5,7.850177813581026e-5,13460,5.172749758520186e-6
1000,1.3825788122768037e-4,7.981698858853324e-5,5.3453165466297644e-5,1.1468266727057913e-4,13460,2.357521395710124e-5
0,5.162175985076427e-5,2.7981349603711156e-5,1.1978862552113625e-5,5.95871433298162e-5,43900,0
250,3.878174135115248e-5,2.23113953960093e-5,9.10954575725926e-6,4.416373123204506e-5,43900,0
500,2.1188939239049838e-5,1.3914277161066448e-5,5.318650228211953e-6,2.3515742678575367e-5,43900,0
1000,1.835021304446481e-5,1.2643867825369904e-5,5.3983790679157276e-6,2.2300060428784203e-5,43900,0
0,1.2418990039006627e-4,1.0694271400012486e-4,8.775814930292421e-5,1.2875504838242676e-4,42100,0
250,1.102187887490867e-4,5.001743441857242e-5,3.7807160646997616e-5,6.405739620245802e-5,42100,4.6161392546628674e-5
500,9.15830697306144e-5,4.700484307522191e-5,3.5666530435221544e-5,6.33829914244112e-5,42100,2.820007830620319e-5
1000,8.002387057195254e-5,4.310979702470428e-5,3.152047046555806e-5,5.6539880265035216e-5,42100,2.3483990306917327e-5
0,3.3993976769854335e-5,3.7099884659496576e-5,1.8287265822248852e-5,6.323162090000816e-5,29460,0
250,2.7885583421236152e-5,2.4379829958879632e-5,1.27357531586861e-5,4.04308409235425e-5,29460,0
500,2.399538291160166e-5,1.2276231063994258e-5,6.935255244604065e-6,2.00191211409459e-5,29460,3.976261770655761e-6
1000,2.0463734760917786e-5,1.3043596770937393e-5,6.550802536730121e-6,2.3301422178872207e-5,29460,0
0,3.672989630943967e-5,4.28135313861881e-5,2.8469680872419627e-5,6.729877025259674e-5,38940,0
250,2.0043116695248667e-5,2.4274643797703992e-5,1.6913317950827307e-5,3.553926506108964e-5,38940,0
500,1.4683687907522024e-5,1.5407252737277724e-5,9.78855675444572e-6,2.6306246601723307e-5,38940,0
1000,1.7761537288599064e-5,1.9031721361821765e-5,1.237201596535037e-5,2.8777258835744405e-5,38940,0
0,1.0613893116189018e-4,7.405814407844579e-5,5.2097688525113415e-5,1.050470116365122e-4,13380,1.09191952537798e-6
250,9.19420941083979e-5,4.5236364058774804e-5,3.2085528453986695e-5,6.823222590031986e-5,13380,2.3709868208078035e-5
500,7.559609135855923e-5,3.542946037479531e-5,2.0605076107453974e-5,5.214905048298883e-5,13380,2.34470408755704e-5
1000,5.4597390529654126e-5,3.3638193033993736e-5,1.9764815151639594e-5,5.2553633014008666e-5,13380,2.0437575156454602e-6
0,3.504501057363308e-5,6.836059916239516e-5,2.7677910092520205e-5,1.2315023436973397e-4,24540,0
250,2.296179163788323e-5,4.4310860147116525e-5,2.0637406906614274e-5,7.385176518470613e-5,24540,0
500,1.585690583240299e-5,1.7862524752428447e-5,1.0909209156509688e-5,2.6557888465200167e-5,24540,0
1000,3.0802045685420197e-5,1.1709810304863717e-5,6.309104532505283e-6,2.2180557148025253e-5,24540,8.621488537394943e-6
0,8.915322045948963e-5,4.6319521788730484e-5,2.2877302463286806e-5,9.705994724337087e-5,11540,0
250,7.700258930747426e-5,3.704254445870418e-5,1.9508820859153772e-5,6.702050009177034e-5,11540,9.982089215703917e-6
500,7.01569334586264e-5,3.163588211163441e-5,1.6887447176869955e-5,6.0881286641329354e-5,11540,9.275646817297052e-6
1000,8.218161555716761e-5,3.1429453144549e-5,1.4877186483117705e-5,5.859333999563639e-5,11540,2.358827556153122e-5
0,1.1487320462311443e-4,6.87811713696843e-5,5.5335760840149466e-5,8.197176773308307e-5,45220,3.290143689003136e-5
250,5.085399488071031e-5,3.123406240477562e-5,2.678307102909558e-5,3.877375665844189e-5,45220,1.2080238222268415e-5
500,3.276803465850626e-5,2.2776852924196413e-5,1.8851881084558404e-5,2.6421528818650463e-5,45220,6.3465058398557945e-6
1000,3.495912114888468e-5,2.5067476777714804e-5,2.1427535542188e-5,3.013252915909261e-5,45220,4.826591989792071e-6
0,2.2970639031049306e-4,4.167528619292068e-5,2.1695205626037883e-5,6.374114028428572e-5,43780,1.6596525002620733e-4
250,1.1888687101933049e-4,3.0132652262347546e-5,1.853759140661778e-5,4.451829037773197e-5,43780,7.436858064159853e-5
500,2.5583540084612836e-4,2.0207961241190846e-5,9.481195542311e-6,4.052306986626011e-5,43780,2.1531233097986824e-4
1000,7.527324125567667e-5,2.6844057544517995e-5,1.3351102449818526e-5,4.672713321937101e-5,43780,2.8546108036305665e-5
0,6.405972424700958e-5,3.900666515650702e-5,1.7594960007176406e-5,8.113489541160943e-5,33700,0
250,5.5530552102453204e-5,3.0990408898364366e-5,1.2357980645672595e-5,5.500345852686925e-5,33700,5.27093575583951e-7
500,4.2690447731734025e-5,2.2579290292876917e-5,1.175704346795497e-5,4.186823156897162e-5,33700,8.222161627624062e-7
1000,3.5430635992864145e-5,2.513694723625366e-5,1.0965821658384758e-5,4.731539874037385e-5,33700,0
0,1.1100934085706067e-4,6.490683264244938e-5,4.805509853587269e-5,8.27389642610935e-5,15540,2.8270376595967165e-5
250,5.61255778219533e-5,2.8991613592085433e-5,2.237162635461113e-5,3.771665179338327e-5,15540,1.8408926028570025e-5
500,7.26970105415274e-5,2.551823144875122e-5,1.8508669346221214e-5,3.4951166764231606e-5,15540,3.774584377729579e-5
1000,7.063434756808529e-5,3.37676766020006e-5,2.3987789944394232e-5,4.76498661453634e-5,15540,2.2984481422721887e-5
0,5.5815154902105086e-5,5.321180772787295e-5,3.197903594623929e-5,8.8246594533981e-5,21780,0
250,4.022866324327442e-5,3.491849775821716e-5,2.098814731018031e-5,5.5023213179611847e-5,21780,0
500,3.68620795706911e-5,1.977087340403918e-5,9.840425614693688e-6,3.065084125554401e-5,21780,6.211238315147088e-6
1000,6.462900205251606e-5,2.4633686137687943e-5,1.214988092757795e-5,4.074575708394714e-5,21780,2.3883244968568916e-5
0,1.1900528616576078e-4,3.8933209845022396e-5,2.6808627792254862e-5,6.221706632885525e-5,12260,5.678821983690553e-5
250,5.581817805380627e-5,2.2455451625443814e-5,1.52250503819068e-5,3.192916063412156e-5,12260,2.3889017419684708e-5
500,2.5370933232479192e-5,9.188462717338625e-6,6.8213378964175725e-6,1.3054247285441824e-5,12260,1.2316685947037368e-5
1000,3.421994211984727e-5,1.0728488915811851e-5,6.336102057578555e-6,1.629408845406015e-5,12260,1.792585366578712e-5
0,3.818561985545384e-5,2.4599477177336554e-5,1.4551153218919784e-5,4.362152187395581e-5,27140,0
250,2.3513384070938657e-5,1.5687820042261998e-5,9.799443888706847e-6,2.5975909574447294e-5,27140,0
500,2.017346371628725e-5,6.894339568778379e-6,4.995119924825493e-6,1.0954159760508217e-5,27140,9.219303955779033e-6
1000,1.8434505496276378e-5,8.45569529630788e-6,4.5462612198032515e-6,1.2733537718718901e-5,27140,5.700967777557477e-6
0,1.0233545747892124e-4,5.853242990387998e-5,4.7004048859761613e-5,7.34034666335899e-5,30700,2.8931990845331346e-5
250,5.507944310346272e-5,2.8243170935034214e-5,1.9622340633738887e-5,3.566706388860263e-5,30700,1.9412379214860092e-05
500,5.012578549638611e-5,2.6699466189984484e-5,1.6906411113672084e-5,4.1391392270676795e-5,30700,8.734393225709313e-6
1000,3.8696401869261166e-5,3.338321927866473e-5,2.5391393207360482e-5,4.271023018981429e-5,30700,0
0,2.2102020831192513e-4,6.749930173378878e-5,4.8753576551201725e-5,8.67383517041251e-5,41540,1.3428185660780003e-4
250,7.256527889606445e-5,3.088511045597004e-5,2.3693675600496064e-5,3.870958230830982e-5,41540,3.3855696587754635e-5
500,7.106686968355418e-5,2.0898945119817266e-5,1.408103989436007e-5,3.116808160250516e-5,41540,3.989878808104902e-5
1000,4.5835152924103716e-5,1.4872466164212384e-5,9.239713791048164e-6,2.1061560263545935e-5,41540,2.477359266055778e-5
0,4.431971910673775e-5,4.162746146748384e-5,1.6747030639154856e-5,9.778864443776339e-5,19340,0
250,3.5167142531274066e-5,2.9625611300860106e-5,1.2810337833121076e-5,5.0377703478198134e-5,19340,0
500,2.548665205774858e-5,1.4930252407810459e-5,9.542575200698217e-6,2.1929277861815435e-5,19340,3.5573741959331437e-6
1000,2.3833339118286438e-5,9.232847249193965e-6,3.798240379786506e-6,1.687492453037809e-5,19340,6.958414587908346e-6
0,1.5257055834995236e-4,3.177804115980895e-5,1.5454475159651783e-5,5.619879405280335e-5,33660,9.637176429714901e-5
250,8.889133333643369e-5,2.2581896653621438e-5,1.1632912559457463e-5,3.8162798261740636e-5,33660,5.0728535074693056e-5
500,6.491740790130368e-5,1.2785413854534807e-5,6.963675100249499e-6,1.8475227506877905e-5,33660,4.644218039442577e-5
1000,5.732290433311808e-5,1.1900599506777691e-5,5.998364267551039e-6,2.0395109158381743e-5,33660,3.692779517473634e-5
0,1.5606997431812702e-4,7.52741371050485e-5,4.749479390543209e-5,1.0982839038519705e-4,41500,4.624158393292997e-5
250,8.261759947706857e-5,3.6479598563934035e-5,2.662904755392156e-5,5.069728982762458e-5,41500,3.192030964944399e-5
500,3.580846620737717e-5,1.947564197523179e-5,1.285375661846846e-5,3.2971490138543596e-5,41500,2.836976068833571e-6
1000,3.449816320013659e-5,3.476300399027178e-5,2.1781011239126837e-5,5.375743645230773e-5,41500,0
0,1.1483791771340563e-4,6.728933647104575e-5,4.89077377218953e-5,9.483344917098695e-5,14580,2.0004468542418683e-5
250,9.890909265002217e-5,4.161364547043646e-5,2.7750728745167866e-5,5.631812616779586e-5,14580,4.259096648222631e-5
500,1.0612397949944097e-4,4.3024557145532556e-5,2.802324157039461e-5,6.0919089199749974e-5,14580,4.5204890299691e-5
1000,1.0968657039328602e-4,6.0358414273754814e-5,4.5890592876757606e-5,7.60365176339736e-5,14580,3.3650052759312427e-5
0,6.465709881523556e-5,3.9958580015562075e-5,2.2750664058984922e-5,7.253026932519763e-5,37900,0
250,3.99645137550308e-5,2.7155416920169602e-5,1.7030003052184798e-5,4.4172727623587145e-5,37900,0
500,3.8302715212546204e-5,2.0470344427076323e-5,1.2203713203568452e-5,3.6213661600318496e-5,37900,2.0890536122277078e-6
1000,6.144231069967368e-5,2.099531795441871e-5,9.864093936607261e-6,3.6478258720108656e-5,37900,2.4964051979565028e-5
0,3.346095897387302e-5,5.01017602177071e-5,2.4202701784321065e-5,8.066804169913649e-5,28020,0
250,3.300053048340415e-5,3.7382345731445374e-5,1.970006569841144e-5,5.571701382791525e-5,28020,0
500,3.217771208575826e-5,2.3679892403353364e-5,1.248405060780177e-5,3.916314807021102e-5,28020,0
1000,3.1430457163382016e-5,1.979963306951073e-5,7.6948588503688e-6,3.7423362175251104e-5,28020,0
0,3.698751168591118e-5,5.580448788232033e-5,4.302198112676263e-5,7.214392848731243e-5,34940,0
250,2.3458753702089375e-5,3.065470465884236e-5,2.426078021874772e-5,4.116050535711528e-5,34940,0
500,2.3153464817815304e-5,4.098056385149388e-5,2.8232810610931965e-5,5.511740064705784e-5,34940,0
1000,2.8221247401981808e-5,4.958840738500584e-5,3.707112305616719e-5,6.655343801196795e-5,34940,0
0,2.3297585129089055e-4,1.0138605822175551e-4,7.508139139633216e-5,1.3034406212021016e-4,16820,1.0263178917068038e-4
250,1.1242230664638465e-4,4.649637147917659e-5,3.4341262319535595e-5,6.762654766319249e-5,16820,4.4795758983192166e-5
500,8.264342105576336e-5,4.84969419467568e-5,3.4103285922215864e-5,7.451439859457602e-5,16820,8.129022461187346e-6
1000,8.822201909178422e-5,7.374401930383277e-5,5.461389579795335e-5,1.0316493315297747e-4,16820,0
0,3.2089228098203103e-5,3.058783058451096e-5,2.2160336408197944e-5,3.7278492087466815e-5,37860,0
250,1.890438653813843e-5,1.5688121901099108e-5,1.1569854747677444e-5,1.896123841991814e-5,37860,0
500,1.658146203125654e-5,1.0312481410455874e-5,6.871256740638835e-6,1.5128724603736305e-5,37860,1.452737427520234e-6
1000,2.1085582339523227e-5,1.701874445627808e-5,1.2542516492574935e-5,2.3350604713326778e-5,37860,0
0,7.087347590015484e-5,8.255978475829304e-5,3.486740931994265e-5,1.3460825461784738e-4,32780,0
250,5.7177836883834975e-5,4.982361041434193e-5,2.633390289189892e-5,7.80967724440655e-5,32780,0
500,6.719762577121648e-5,3.23977945262758e-5,1.7183929906004027e-5,5.0166175815167065e-5,32780,1.703144995604941e-5
1000,7.359456446362779e-5,3.3137565949006976e-5,1.9580762480781064e-5,4.715655833519823e-5,32780,2.6438006128429558e-5
0,4.701741954966995e-5,1.1139122026541846e-4,5.280533544320996e-5,1.883227307126195e-4,48900,0
250,2.5417754267355504e-5,5.121563646230214e-5,2.81781934000343e-5,6.970550560052848e-5,48900,0
500,1.4823981480342944e-5,1.56566762759854e-5,8.578598519795262e-6,2.9157050660102665e-5,48900,0
1000,2.619513969128092e-5,2.0145882242861856e-5,9.861383858770283e-6,3.135107368505911e-5,48900,0
0,7.119987440081103e-5,6.828913817558404e-5,3.0950535971352234e-5,1.2788681670857543e-4,39540,0
250,6.87672811398922e-5,5.3028286785227186e-5,2.3165376820782022e-5,9.01887807712441e-5,39540,0
500,6.943848573498405e-5,3.749672816841805e-5,1.907205107220612e-5,6.763420158471636e-5,39540,1.8042841502676854e-6
1000,5.349010434737281e-5,4.470279628878436e-5,2.4543451149599126e-5,7.120293788191852e-5,39540,0
0,4.6199128218099945e-5,4.1211671031078965e-5,2.5370400548649664e-5,6.383855414338483e-5,33860,0
250,3.142476176044688e-5,2.5213573302092947e-5,1.4991284629041013e-5,3.622931862835757e-5,33860,0
500,3.6408296314618256e-5,1.3376449917515042e-5,9.073687129790073e-6,1.9402504707728605e-5,33860,1.700579160688965e-5
1000,3.901283453627336e-5,1.4371990129347208e-5,7.757686399618612e-6,2.1642783681025e-5,33860,1.737005085524836e-5
0,5.7573959225150454e-5,4.224176091306952e-5,2.318700325908283e-5,7.202599482789089e-5,40220,0
250,4.295268618737198e-5,3.046249023216548e-5,1.7188810278192716e-5,4.9109309714113765e-5,40220,0
500,2.6040339537408885e-5,1.8766431292926635e-5,1.083204809274173e-5,3.169415405399321e-5,40220,0
1000,2.9925950657461533e-5,2.043187319900622e-5,1.0266307571953225e-5,3.600670284498637e-5,40220,0
0,8.511668956233824e-5,7.262022484658407e-5,4.0991343219580924e-5,1.0992517437372007e-4,43620,0
250,1.0844269613673318e-4,4.3481272244511744e-5,2.7794357716389677e-5,5.797020582634704e-5,43620,5.0472490310386144e-5
500,1.4276059023097788e-4,2.7289230306233156e-5,1.4749007900486011e-5,4.4551322580981655e-5,43620,9.820926764999622e-5
1000,7.124776930290646e-5,3.54775331841366e-5,2.060546530378147e-5,5.5233940430230486e-5,43620,1.601382887267597e-5
0,9.990737548689423e-5,6.130160018934861e-5,4.4739428728473526e-5,8.74444182804165e-5,22020,1.2462957206477727e-5
250,9.453307543616004e-5,3.832935967131734e-5,2.883639260270722e-5,5.51188427666543e-5,22020,3.9414232669505745e-5
500,1.0454949891357914e-4,3.443208003510235e-5,1.8918599426542156e-5,4.986741009243807e-5,22020,5.468208882114107e-5
1000,4.89643107511523e-5,3.293084732349868e-5,2.2928051176111435e-5,4.8059915449282895e-5,22020,9.043953018694073e-7
0,7.692171303068853e-5,6.800489542854965e-5,3.957978291418195e-5,9.741997105904513e-5,46700,0
250,5.040789961835674e-5,3.910443811693753e-5,2.6361059678495416e-5,5.3989395175575945e-5,46700,0
500,2.9129014389086722e-5,2.756409219729224e-5,1.7458873025250946e-5,4.221495199278459e-5,46700,0
1000,3.997445083520706e-5,6.688297596804358e-5,3.7999213938579024e-5,1.0861343980865054e-4,46700,0
0,1.5828541576994997e-4,1.1146173502801107e-4,1.4893262080001316e-5,3.6419895836065335e-4,36780,0
250,1.2660470716077346e-4,7.907393564869025e-5,1.5302988005488363e-5,2.0418862184557363e-4,36780,0
500,7.46369456033184e-5,5.203719937667129e-5,1.848665618156176e-5,1.0418512237483388e-4,36780,0
1000,4.046848466579755e-5,3.528750689362548e-5,6.8454337853318215e-6,7.149567488054333e-5,36780,0
0,8.685722749293347e-5,6.0741447462422475e-5,4.7058055162228235e-5,7.895201329021057e-5,23540,7.905214202722901e-6
250,4.9258916254536424e-5,2.9262128288150318e-5,2.2811572909926862e-5,3.841185541838729e-5,23540,1.0847060836149133e-5
500,2.825053607098633e-5,1.4332381079885061e-5,9.194175457583784e-6,2.223582992136335e-5,23540,6.014706149622981e-6
1000,4.930756396892979e-5,2.664647900624713e-5,1.7463999097671404e-5,3.7563120478353015e-5,23540,1.1744443490576777e-5
0,7.818110676820851e-5,3.244236622569072e-5,1.9872434281209188e-10,9.637503612475027e-5,41060,0
250,7.6847590611517e-5,2.286018839205787e-5,1.5875987638117302e-6,5.119131848984475e-5,41060,2.5656272121672248e-5
500,7.66876652080994e-5,1.8286179196750623e-5,3.21086787335834e-8,4.907168761580802e-5,41060,2.7615977592291378e-5
1000,8.071285358341205e-5,1.717150086966401e-5,6.037828345987393e-22,5.436993712738374e-5,41060,2.6342916456028314e-5
0,2.1148399420056235e-5,9.728341367313951e-5,2.038277738458868e-5,4.1434007827384587e-4,22420,0
250,1.7564180195290516e-5,3.705944662811729e-5,0,8.310474955740366e-5,22420,0
500,1.3338909416365666e-5,1.7273157726839316e-5,0,3.403662172862076e-5,22420,0
1000,1.7490775622721164e-5,8.805789630722084e-6,0,4.501564645962768e-5,22420,0
0,1.068490253394459e-4,7.307658225729016e-5,3.694345675421128e-5,1.2044587210272381e-4,16300,0
250,1.0401870418162008e-4,4.6128838362670006e-5,2.6595434009891833e-5,7.352603762017763e-5,16300,3.0492666561442454e-5
500,1.0489402268436643e-4,2.901499762126819e-5,1.5564641674290012e-5,4.2861744242502345e-5,16300,6.203227844186408e-5
1000,8.493473793481428e-5,3.9260008973670826e-5,2.228074501605028e-5,7.330036707924011e-5,16300,1.1634370855574173e-5
0,2.905501501711003e-5,4.1786067121143756e-5,1.6327746952778928e-5,7.66148354521037e-5,32580,0
250,3.833237028924918e-5,3.2079524419289944e-5,1.3087962753366406e-5,5.8138009060807014e-5,32580,0
500,4.797335129149662e-5,1.8225321905917377e-5,9.112046566239119e-6,2.784823112345516e-5,32580,2.012512016804146e-5
1000,3.589860267266911e-5,1.488624495784928e-5,5.826058705094821e-6,3.602549436670362e-5,32580,0
0,6.33753892191744e-5,9.068199461837161e-5,4.937928310626262e-5,1.3567703786662618e-4,17660,0
250,5.502454184137555e-5,6.142456977945856e-5,3.678244855565213e-5,8.708472441569241e-5,17660,0
500,8.268246677242886e-5,4.878231191929478e-5,3.010487460230671e-5,7.33637595284378e-5,17660,9.318707243991054e-6
1000,8.396842138012043e-5,3.354531290116936e-5,1.676458820223147e-5,5.214914701542816e-5,17660,3.1819274364692276e-5
0,1.5189282637386245e-4,4.310857063481963e-5,2.3960493072724595e-5,6.850469614612166e-5,46540,8.338813022774079e-5
250,8.958850037136595e-5,3.2810668417898145e-5,2.0020085072435622e-5,4.7377862850506e-5,46540,4.2210637520859946e-5
500,9.716584524787876e-5,2.4623860362952683e-5,1.2541511989194085e-5,4.533146790706231e-5,46540,5.1834377340816456e-5
1000,1.145525402067734e-4,2.7731570677370125e-5,1.4704116199235941e-5,4.719594742905079e-5,46540,6.73565927777226e-5
0,4.8736315051319345e-5,3.8878124841083586e-5,3.020346340797303e-11,1.6567903459918028e-4,30980,0
250,5.499757064342819e-5,2.6274842110237075e-5,1.60079871921769e-8,7.375095777822411e-5,30980,0
500,6.895631906060203e-5,1.779378626597214e-5,1.2460637756950688e-11,5.1663600869323166e-5,30980,1.7292718191278864e-5
1000,6.510810960196494e-5,1.512879388654066e-5,1.5537312989229242e-22,5.088939871264877e-5,30980,1.4218710889316175e-5
0,1.5635868963469928e-4,7.502400064419438e-5,1.0611635111113243e-14,2.813462140159235e-4,19140,0
250,1.3614906372629905e-4,3.845600563579011e-5,5.83383195447385e-11,1.452692931310532e-4,19140,0
500,9.243061162468123e-5,3.346125629923721e-5,0,1.0038029678398148e-4,19140,0
1000,5.4064213422883454e-5,6.229187897742297e-5,2.0013304236084247e-21,1.8420733485826306e-4,19140,0
0,3.0750434030663997e-4,2.3575335286383343e-4,2.054756534166562e-4,2.7091778215514314e-4,20100,3.658655815149683e-5
250,8.657807557224472e-5,5.472088521529588e-5,4.309564395038718e-5,6.450420337627823e-5,20100,2.2073872195966496e-5
500,5.243297529781057e-5,4.1932902146668415e-5,3.262067444846547e-5,5.20300447918587e-5,20100,4.0293050595187276e-7
1000,4.86375151374058e-5,6.903234394432013e-5,5.7527522650090904e-5,8.166600444559073e-5,20100,0
0,1.6024161291295364e-4,5.69362969718799e-5,1.533746737214794e-10,2.364560566936942e-4,49300,0
250,1.4079027036903284e-4,3.666219376331927e-5,0,1.2385130510798861e-4,49300,1.6938965261044224e-5
500,9.808809761038391e-5,2.8334650935978754e-5,1.5391332074857752e-20,1.2101981844785536e-4,49300,0
1000,3.5016096853420125e-5,2.230911942729151e-5,0,6.545015050862311e-5,49300,0
0,5.7588208353126044e-5,5.248113780956749e-5,1.069895442414347e-5,1.1901479965429807e-4,48140,0
250,6.822364629850881e-5,3.877267412792586e-5,8.413007689170729e-6,8.820269438863835e-5,48140,0
500,8.00507160936277e-5,2.7857838976405653e-5,8.783156178491181e-6,5.3397470250256965e-5,48140,2.665324584337073e-5
1000,5.8806162993057276e-5,2.9197518162770797e-5,1.0995998769803504e-5,6.296709808952341e-5,48140,0
0,5.133964809241385e-5,7.379100888500815e-5,2.5432396474671517e-5,1.537041747765919e-4,47380,0
250,4.530127851843744e-5,5.274909661797525e-5,1.905936241076473e-5,1.0510228522134207e-4,47380,0
500,3.689672190952784e-5,3.389563855853676e-5,1.500719104208531e-5,5.852957671874672e-5,47380,0
1000,2.620938386556185e-5,3.939004283733185e-5,1.579817737087459e-5,7.581656170576805e-5,47380,0
0,9.838937297298894e-5,6.933471091599136e-5,5.440431819829282e-5,8.204537395376245e-5,18880,1.634399901922649e-5
250,6.057220853297207e-5,3.935149956211212e-5,3.0211988813715847e-5,4.868073878563575e-5,18880,1.1891469747336317e-5
500,3.212480267920523e-5,2.3937722385973175e-5,1.715388159492454e-5,3.118203686103001e-5,18880,9.427658181752172e-7
1000,1.9046027263351065e-5,2.2450148874062075e-5,1.585651449712075e-5,3.30327245157468e-5,18880,0
0,1.3514508462407016e-4,9.525288422638845e-5,3.0612600376412564e-5,2.0395247238747075e-4,45900,0
250,1.4421631928574093e-4,6.24609953062532e-5,2.49755611981117e-5,1.1885033329761663e-4,45900,2.5365985988124302e-5
500,1.5845251954239137e-4,3.010015617312686e-5,1.2041425731735068e-5,4.7430188367020676e-5,45900,1.1102233117537069e-4
1000,1.254579215294668e-4,4.904483320181007e-5,1.9555805562254345e-5,9.199606313613192e-5,45900,3.346185839333487e-5
0,5.0151361838154994e-5,6.336490970011305e-5,4.206749201793033e-5,9.301579091009863e-5,41100,0
250,4.158656746931998e-5,4.207024210135222e-5,2.860950968384757e-5,5.597269614112143e-5,41100,0
500,4.1343592302908984e-5,3.626073693396761e-5,1.965277090293909e-5,5.549883205074123e-5,41100,0
1000,6.726296623861665e-5,3.848702423864494e-5,2.135283139953948e-5,5.800415716691717e-5,41100,9.258809071699474e-6
0,6.15057063437136e-5,4.3069619729787945e-5,1.8172063267165407e-5,6.919391630731156e-5,31340,0
250,4.19884406305289e-5,3.0509282879870453e-5,1.4653272314614494e-5,4.8808168821622315e-5,31340,0
500,2.614437802069323e-5,1.6866822775941356e-5,5.7392574347944456e-6,2.8336732408713123e-5,31340,0
1000,4.0557603479624825e-5,2.1583549161500772e-5,8.868913877845227e-6,4.1746880374114026e-5,31340,0
0,4.733912041328888e-4,1.0131444311162701e-4,6.293903683796185e-5,1.509785107371669e-4,30860,3.224126933957219e-4
250,1.9626167953902643e-4,7.067178703527319e-5,4.4607959935194e-5,1.1322008384834772e-4,30860,8.304159569067872e-5
500,8.550615407479362e-5,4.709529539975966e-5,2.7611156520990993e-5,7.322168887630853e-5,30860,1.2284465198485086e-5
1000,1.4687726433703746e-4,5.336325409621096e-5,2.6599628536423707e-5,8.816853315612503e-5,30860,5.870873118091243e-5
0,1.1615632937831472e-4,1.0159788059480395e-4,4.511282432796592e-5,2.459971146912425e-4,42340,0
250,1.0050024841247923e-4,5.872138132288202e-5,3.0090912940856554e-5,9.556059551687647e-5,42340,4.939652895602763e-6
500,1.0475425893782479e-4,2.784544147650813e-5,1.3404240005043718e-5,4.366806185878333e-5,42340,6.108619707904146e-5
1000,5.0456318148045167e-5,1.9701182929300678e-5,4.662361089032493e-6,3.6007834231034536e-5,42340,1.4448483917010631e-5
0,7.625327838302249e-5,7.309697532959845e-5,3.748588401179499e-8,5.332515372774139e-4,13140,0
250,7.956253340063793e-5,2.2332055867437574e-5,0,6.383706156553483e-5,13140,1.5725471835103096e-5
500,9.57532112239708e-5,1.4915751160783101e-5,0,3.9963499723907196e-5,13140,5.57897115000636e-5
1000,4.420639187171231e-5,1.0132426663032355e-5,0,3.226499344011573e-5,13140,1.194139843159658e-5
0,9.025335342810797e-5,6.105072758044439e-5,4.097922409649159e-5,8.909520643170715e-5,36500,1.158146996400815e-6
250,4.251837603366877e-5,3.0425496590594093e-5,2.242803393809893e-5,4.455664586326859e-5,36500,0
500,6.66642975503075e-5,3.673302566589923e-5,2.4796512694333786e-5,5.104764387722214e-5,36500,1.5616653673085354e-5
1000,7.36803657390094e-5,3.6260409619152916e-5,2.696675092667802e-5,4.970597181649437e-5,36500,2.3974393922515034e-5
0,2.9231064322004773e-5,8.678871869918954e-5,4.037072536040951e-5,1.7858147655312983e-4,23580,0
250,2.373068162590065e-5,6.351720459254357e-5,3.218003464467418e-5,1.2100727289824551e-4,23580,0
500,1.7830113688820067e-5,3.4897836357866665e-5,1.599029126584575e-5,5.960113650554339e-5,23580,0
1000,1.903141267414452e-5,3.777087623078746e-5,6.105748259381462e-6,7.606348496479739e-5,23580,0
0,2.804520182045385e-4,3.1871387064585014e-5,6.887565816317131e-6,7.59387129413273e-5,20260,2.0451330526321122e-4
250,2.2942797698568472e-4,2.6859005297261126e-5,7.215893624178939e-6,5.985362843765341e-5,20260,1.695743485480313e-4
500,8.33715116820473e-5,2.0751269166322923e-5,5.991600155364621e-6,4.155621792112118e-5,20260,4.1815293760926126e-5
1000,4.804760626934153e-5,1.9135064966718365e-5,5.621089784805496e-6,4.3305978447277416e-5,20260,4.741627822064113e-6
0,1.2858011457410386e-4,4.546915883498647e-5,2.7091761116428582e-5,7.509963291168413e-5,25060,5.348048166241973e-5
250,6.309451749800463e-5,2.8442775165266296e-5,1.9835549462222766e-5,4.014628032692543e-5,25060,2.29482371710792e-5
500,1.496518412298221e-5,1.0627384483307207e-5,7.160552499974624e-6,1.4725255089797386e-5,25060,2.399290331848232e-7
1000,2.455444431393263e-5,6.4413780900419525e-6,2.137044752671671e-6,1.0628856368040161e-5,25060,1.3925587945892469e-5
0,4.311070801689859e-5,1.7468534890364713e-4,1.3180795273410182e-9,0.0010376433231344571,35660,0
250,4.9362913227200566e-5,3.128607759700474e-5,0,1.9286829205558003e-4,35660,0
500,6.980175537014595e-5,1.6538690974411826e-5,0,9.295085889008213e-5,35660,0
1000,7.453189426670543e-5,2.491988896121843e-5,0,1.8535084573487783e-4,35660,0
0,1.0979460453423131e-4,8.26667194206931e-5,7.896935515403876e-6,2.8616900699427047e-4,34740,0
250,9.616513999582254e-5,6.471099079819483e-5,5.334297816579299e-10,1.7546703708381308e-4,34740,0
500,8.545381179255037e-5,5.700203390339851e-5,4.212957508856913e-10,1.7390561275908834e-4,34740,0
1000,1.3006106492119803e-4,3.770467197486817e-5,0,9.643733997185653e-5,34740,3.36237249493415e-5
0,1.1724010187141055e-4,4.7087036496593974e-5,2.840845200965254e-5,8.987908184005249e-5,43340,2.7361020031358067e-5
250,7.728372289627168e-5,3.1972045585368845e-5,2.0965413524577245e-5,5.625976699997047e-5,43340,2.1023955896301206e-5
500,4.5185868207492284e-5,1.7321232488344588e-5,1.073770918895075e-5,2.6618300625192283e-5,43340,1.85675675823e-5
1000,2.2376466279266494e-5,2.3461521317849418e-5,1.255011293818865e-5,4.3399867062473634e-5,43340,0
0,1.3107178347043034e-4,5.6990754169865184e-5,3.23806971578818e-5,8.992767037802434e-5,28660,4.1144113092406e-5
250,7.46885054374107e-5,3.588931911627621e-5,2.3098488455988383e-5,5.3889853857322756e-5,28660,2.0798651580087946e-5
500,1.9166305002738393e-5,1.6681905569260223e-5,1.1921998434392236e-5,2.400333367392084e-5,28660,0
1000,1.9949713511661648e-5,2.1126459472808858e-5,8.877276097404931e-6,4.998455020753813e-5,28660,0
0,2.317855540825614e-4,5.710157669848083e-5,3.66364273957509e-5,9.008941665613518e-5,22180,1.4169613742642622e-4
250,8.824578081581452e-5,3.379362665925511e-5,2.444661619927026e-5,4.9275920225301204e-5,22180,3.8969860590513314e-5
500,2.431970217174165e-5,1.3933426793688961e-5,1.0680890889430206e-5,1.9183742098939746e-5,22180,5.135960072801906e-6
1000,1.9965260289091258e-5,1.297017296264645e-5,7.828266081211196e-6,1.99565528043234e-5,22180,8.707484767856604e-9
0,1.6612161999482777e-5,2.829663993846439e-5,1.2750136558569386e-5,4.978508583989279e-5,34820,0
250,1.3574406277151452e-5,2.0408799950247047e-5,1.0393226096038812e-5,3.4691759855008637e-5,34820,0
500,1.5022036402238563e-5,1.3813026932318715e-5,7.305929754293985e-6,2.4477194372681077e-5,34820,0
1000,1.812829442948292e-5,1.5469635849607274e-5,7.118266838448408e-6,3.1927632105117876e-5,34820,0
0,3.3319178991354145e-5,3.262199455971664e-5,1.685124351363481e-5,5.828841380687851e-5,31180,0
250,3.0238314903489763e-5,2.489033840928521e-5,1.2781990266981475e-5,3.9882373933098124e-5,31180,0
500,3.892164202859765e-5,1.7952773006601736e-5,1.085302219516475e-5,2.9717412172764727e-5,31180,9.20422985583292e-6
1000,5.867981103811797e-5,2.054597947987296e-5,1.0810116444580884e-5,3.3831822178185195e-5,31180,2.4847988859932775e-5
0,8.602774281060428e-5,8.950158684110987e-5,7.268837899068667e-8,2.556073293356974e-4,27100,0
250,1.2647422445854274e-4,6.988639608746507e-5,1.3571936677541025e-6,1.8049166061697181e-4,27100,0
500,1.7465916633487165e-4,5.4408101098102835e-5,3.076194694751709e-6,1.1204952462064575e-4,27100,6.26096417142259e-5
1000,1.4265099229072178e-4,6.103649809003329e-5,4.69124358033992e-7,1.46416863148416e-4,27100,0
0,2.3394841890421223e-4,1.707710375891113e-4,1.8536782332682886e-12,0.0013772731325491189,28700,0
250,1.221060011424153e-4,4.0416179899637736e-5,0,1.423010384979616e-4,28700,0
500,1.1683299345695979e-4,2.8762588071186945e-5,0,9.224025509286804e-5,28700,2.459273836409175e-5
1000,7.624173079223191e-6,2.4497925878064724e-5,0,8.545463964113997e-5,28700,0
0,1.2562448250476223e-4,6.630739095848983e-5,3.736236648082874e-5,1.0881825322106521e-4,20740,1.6806229283697024e-5
250,9.237538766605386e-5,5.2475560980582254e-5,3.006288126447046e-5,8.004464141690523e-5,20740,1.2330746249148629e-5
500,5.681279490712581e-5,3.389466155612165e-5,1.9542242783402388e-5,5.678348304694657e-5,20740,2.931186017924415e-8
1000,3.7359024254422065e-5,2.481664392695694e-5,1.2325555230656922e-5,4.1318418628580775e-5,20740,0
0,2.3483927788354636e-5,5.5275500256066025e-5,1.0974564494355267e-6,1.879272972820464e-4,49420,0
250,2.6107718440037828e-5,4.5005059436354195e-5,5.025447835005813e-6,1.4312392842739051e-4,49420,0
500,3.4227045861252305e-5,3.862471088945621e-5,1.2869238524237032e-7,8.40410294092538e-5,49420,0
1000,4.362016672996002e-5,3.995481010431492e-5,7.018602335954142e-9,8.520077642112589e-5,49420,0
0,2.9821803178787196e-5,5.239111876882081e-5,1.1918685806936626e-5,1.2240362571747096e-4,22900,0
250,3.515571224893766e-5,4.196665666490879e-5,1.1822055723160081e-5,9.157130852428688e-5,22900,0
500,4.5913833735334514e-5,3.1490271363035854e-5,1.128555763908751e-5,6.724824693378695e-5,22900,0
1000,5.79650398237099e-5,3.2742694721907876e-5,1.0826618110399715e-5,5.937188390774104e-5,22900,0
0,3.487548664622565e-4,7.122970364348867e-5,4.720139534351765e-5,1.2346449422673993e-4,28420,2.2529037223551656e-4
250,8.676257625546428e-5,4.420602062532648e-5,3.114218432745905e-5,6.809802976739963e-5,28420,1.866454648806465e-5
500,2.612113719717038e-5,2.0253625687383036e-5,1.2991058739350848e-5,3.113065527144296e-5,28420,0
1000,1.4679021938164718e-5,2.5139949268723642e-5,1.2897491586424008e-5,3.9545284636720215e-5,28420,0
0,1.1717782141296566e-4,7.93012782536011e-5,5.1580315031951336e-5,1.240655267098526e-4,14740,0
250,5.198022007936999e-5,4.177005395455859e-5,2.815915301968541e-5,5.545779077243025e-5,14740,0
500,4.4676233354075874e-5,1.9191245432866433e-5,1.4040921934090587e-5,2.791864708414429e-5,14740,1.6757586269931584e-5
1000,5.5209448896182364e-5,1.9539655916838188e-5,1.2095181816565118e-5,2.6870229447476354e-5,14740,2.833921944870601e-5
0,3.6932756926120927e-4,1.3791961765007295e-4,9.305223459832207e-5,1.8373729797163267e-4,29200,1.855902712895766e-4
250,1.44628308667393e-4,7.884500529905313e-5,5.8248263362772564e-5,1.0426003883815434e-4,29200,4.0368269829238655e-5
500,3.3402097411222055e-4,6.789889241838708e-5,3.470018821330147e-5,1.0900749517428067e-4,29200,2.2501347893793988e-4
1000,1.8870628262587842e-4,3.91899242406142e-5,2.416256001008292e-5,6.371618851651898e-5,29200,1.2499009410935945e-4
